1.,Общие стоматологические мероприятия (терапевтические; амбулаторно-хирургические; ортопедические; ортодонтические),
1.1.,стоматологические обследования и консультации:,
1.1.1.,осмотр пациента при первичном обращении,9.59
1.1.2.,осмотр пациента при повторном обращении,7.28
1.1.3.,консультация ,12.69
1.1.4.,консультация врача-специалиста стоматологического профиля; имеющего ученую степень; ученое звание,14.86
1.2.,оценка результатов исследований:,
1.2.1.,дентальных рентгенограмм; панорамных (ортопантомограмм); заключений врачей-рентгенологов по проведенным рентгенисследованиям,13.02
1.2.2.,телерентгенограмм; конусно-лучевых компьютерных томограмм (далее – КЛКТ),26.04
1.2.3.,дополнительных методов исследования; медицинского фотографирования; заключений врачей-специалистов,1.35
1.3.,удаление зубных отложений:,
1.3.1.,ручным и/или химическим способом (за один зуб),5.05
1.3.2.,аппаратным методом (пневматическим; ультразвуковым; магнитострикционным и т.п.) (за один зуб),5.89
1.3.3.,с применением содоструйного аппарата (за один зуб),5.96
1.3.4.,покрытие одного зуба фтор- и/или кальцийсодержащим или герметизирующим препаратом,4.49
1.4.,применение местной анестезии на одно вмешательство:,
1.4.1.,аппликационная анестезия ,1.40
1.4.2.,инфильтрационная анестезия ,5.81
1.4.3.,проводниковая анестезия ,7.16
1.4.4.,интралигаментарная анестезия ,5.81
1.5.,наложение временной пломбы,1.60
1.6.,получение оттисков челюстей:,
1.6.1.,из альгинатной массы,4.89
1.6.2.,из силиконовой (независимо от вида); полисилоксановой массы,6.24
1.6.3.,термопластическими композитами,6.24
1.6.4.,оптический слепок (3D-оттиск) за одну челюсть,9.16
1.6.5.,изготовление силиконового ключа,5.43
1.7.,отливка моделей:,
1.7.1.,из гипса,4.34
1.7.2.,из супергипса,4.76
1.7.3.,комбинированной,8.49
1.8.,избирательное пришлифовывание одного зуба,4.23
1.9.,одонтодиагностика одного зуба,2.12
1.10.,забор материала для исследования:,
1.10.1.,трепанбиопсия,44.00
1.10.2.,биопсия (инцизионная; эксцизионная),34.98
1.10.3.,пункционная биопсия,19.75
1.10.4.,забор материала для микробиологического исследования,9.25
1.11.,забор материала для цитологического исследования одним из методов:,7.54
1.11.1.,проведение экспресс-тестирования (методом полимеразной цепной реакции (ПЦР-диагностика) и другими методами экспресс-тестирования),9.42
1.11.2.,проведение функциональных проб (электромиография; миотонометрия),59.88
1.12.,использование системы изоляции в полости рта:,
1.12.1.,с кламмерной системой (за установку системы),20.73
1.12.2.,бескламмерной системой,51.19
1.13.,использование микроскопа при лечении (дополнительно к объему выполненной работы),2.44
1.14.,использование оптических систем (бинокулярные лупы и другое) при лечении (дополнительно к объему выполненной работы),1.67
1.15.,медицинское фотографирование,18.83
1.16.,удаление одной пломбы; трепанация одной искусственной коронки,7.64
1.17.,ретракция десны одного зуба,8.02
1.18.,планирование дентальной имплантации на одну челюсть (до 4 имплантатов включительно) с использованием специального программного обеспечения,58.59
1.19.,планирование дентальной имплантации на одну челюсть (более 4 имплантатов) с использованием специального программного обеспечения,78.12
1.20.,моделирование одного хирургического шаблона с использованием специального программного обеспечения (до 4 имплантатов включительно),78.12
1.21.,моделирование одного хирургического шаблона с использованием специального программного обеспечения (более 4 имплантатов) или шаблона для редукции или резекции челюстей,136.71
1.22.,изготовление каппы,66.83
1.23.,извлечение из одного корневого канала штифта; культевой вкладки с использованием ультразвуковой насадки,121.37
1.24.,извлечение из одного корневого канала штифта; культевой вкладки; инородного тела с использованием стоматологического инструмента,62.31
1.25.,применение материалов; инструментов; изделий и средств медицинского назначения при проведении стоматологических мероприятий (терапевтических; амбулаторно- хирургических; ортопедических; ортодонтических):,
1.25.1.,набор инструментов; используемых на терапевтическом приеме,0.29
1.25.2.,набор инструментов; используемых на ортопедическом приеме,0.44
1.25.3.,набор инструментов; используемых на ортодонтическом приеме,0.29
1.25.4.,набор инструментов; используемых на хирургическом приеме,0.28
1.25.5.,набор инструментов для снятия зубных отложений,11.28
1.25.6.,инструмент для костной пластики (набор),1.38
1.25.6.1.,пприменение ножниц хирургических,0.21
1.25.6.2.,применение скальпеля хирургического,1.68
1.25.6.3.,применение скальпеля одноразового,1.49
1.25.6.4.,применение иглодержателя,0.23
1.25.6.5.,применение одного инструмента для разведения краев раны,0.56
1.25.6.6.,применение зажима кровоостанавливающего,0.21
1.25.6.7.,применение элеватора экстракционного хирургического,0.22
1.25.6.8.,применение щипцов для удаления зубов,0.53
1.25.6.9.,применение долота хирургического,0.20
1.25.6.10.,применение для апикальной хирургии финишный,0.69
1.25.6.11.,применение для апикальной хирургии для финишной обработки корневого канала,0.63
1.25.6.12.,применение для апикальной хирургии титановая щетка,1.11
1.25.6.13.,применение для апикальной хирургии K-Reamer,0.21
1.25.6.14.,применение для апикальной хирургии Largo Peeso Reamer,0.25
1.25.6.15.,применение для апикальной хирургии канал-локатор Canal Locator,0.20
1.25.6.16.,применение для апикальной хирургии SC Foshan SOCO Dental Root,0.24
1.25.6.17.,применение для апикальной хирургии Эмалевый нож,0.33
1.25.6.18.,применение для апикальной хирургии XP-ENDO SHAPER ,0.78
1.25.6.19.,применение для апикальной хирургии,0.19
1.25.6.20.,применение для апикальной хирургии,0.19
1.25.6.21.,применение для апикальной хирургии,0.19
1.25.6.22.,применение ложки кюретажной,0.22
1.25.6.23.,применение распатора,0.19
1.25.6.24.,применение мукотома,0.00
1.25.7.,угловой S-Max,1.43
1.25.7.1.,применение стоматологического наконечника углового НУК НУПМ,0.32
1.25.7.2.,применение стоматологического наконечника углового Foshan COXO,0.47
1.25.7.3.,применение стоматологического наконечника углового Dentalwerk Bumroos,1.15
1.25.7.4.,применение стоматологического наконечника прямого НПМ,0.25
1.25.7.5.,применение стоматологического наконечника турбинного S-Max,1.28
1.25.7.6.,применение стоматологического наконечника турбинного высокоскоростной Sunea fusion,1.02
1.25.7.7.,применение стоматологического наконечника турбинного Foshan COXO,0.38
1.25.7.8.,применение стоматологического наконечника SMARTmatic,0.71
1.25.7.9.,применение осциллирующего наконечника высокоскоростной,0.33
1.25.7.10.,применение осциллирующего наконечника PROPHYflex профилактический,2.01
1.25.7.11.,применение осциллирующего наконечника RONDOflex,3.10
1.25.7.12.,применение осциллирующего наконечника,0.15
1.25.8.1.,применение отвертки для формирователя десневой манжетки (далее – ФДМ); фиксирующего винта абатмента; заглушки имплантата,4.81
1.25.8.2.,применение хирургической отвертки,13.35
1.25.8.3.,применение бора твердосплавного NTI,1.56
1.25.8.4.,применение бора твердосплавного Strauss,0.64
1.25.8.5.,применение бора твердосплавного Strauss,0.54
1.25.8.6.,применение бора твердосплавного Predator,1.25
1.25.8.7.,применение бора твердосплавного КМИЗ,0.16
1.25.8.8.,применение бора твердосплавного Германия,3.03
1.25.8.9.,применение бора твердосплавного Lindeman,2.78
1.25.8.10.,применение бора твердосплавного,0.99
1.25.8.11.,применение бора твердосплавного Prima Classic,0.50
1.25.8.12.,применение бора твердосплавного,2.59
1.25.8.13.,применение бора твердосплавного,2.53
1.25.8.14.,применение бора твердосплавного,2.55
1.25.8.15.,применение бора алмазного NTI,0.82
1.25.8.16.,применение бора алмазного NTI,0.62
1.25.8.17.,применение бора алмазного NTI,0.62
1.25.8.18.,применение бора алмазного NTI,0.49
1.25.8.19.,применение бора алмазного NTI,0.62
1.25.8.20.,применение бора алмазного NTI,0.40
1.25.8.21.,применение бора алмазного Strauss,0.38
1.25.8.22.,применение бора алмазного Strauss,0.39
1.25.8.23.,применение бора алмазного Strauss,0.36
1.25.8.24.,применение бора алмазного Система,0.07
1.25.8.25.,применение бора алмазного Алмазные инструменты,0.40
1.25.8.26.,применение бора алмазного Hager & Meisinger,0.82
1.25.8.27.,применение фрезы (хирургической) твердосплавной для распиливания кости; зуба,12.98
1.25.8.28.,применение фрезы (хирургической) костной керамической,1.58
1.25.8.29.,применение трепана,0.04
1.25.8.30.,применение фрезы алмазной для апикоэктомии и разделения зубов,7.28
1.25.8.31.,применение костного сверла,35.04
1.25.8.32.,применение щеточки полировочной NTI,0.11
1.25.8.33.,применение щеточки полировочной ProfiLax,0.36
1.25.8.34.,применение щеточки полировочной Prophy  Occlu Brush,0.27
1.25.8.35.,применение щеточки полировочной Prophy Brush,0.30
1.25.8.36.,применение щеточки полировочной Prophy Brush,0.30
1.25.8.37.,применение щеточки полировочной Hawe Miniature; Чехия,0.30
1.25.8.38.,применение щеточки полировочной,0.22
1.25.8.39.,применение щеточки полировочной,0.00
1.25.8.40.,применение щеточки полировочной,0.00
1.25.8.41.,применение головки полировочной либо головки полировочной одноразовой Superflex,0.86
1.25.8.42.,применение головки полировочной либо головки полировочной одноразовой Полир,6.96
1.25.8.43.,применение головки полировочной либо головки полировочной одноразовой Diarflex Siliflex,2.05
1.25.8.44.,применение головки полировочной либо головки полировочной одноразовой NTI,0.77
1.25.8.45.,применение головки полировочной либо головки полировочной одноразовой,0.76
1.25.8.46.,применение головки полировочной либо головки полировочной одноразовой диск ТОР ВМ,0.72
1.25.8.47.,применение головки полировочной...одноразовой диск Sof-Lex ,0.81
1.25.8.48.,применение головки полировочной...одноразовой диск полир Super-snap,0.77
1.25.9.1.,применение инструментов для костной пластики (из расчета на один инструмент или набор),12.39
1.25.9.2.,применение инструментов для навигационной хирургии (из расчета на один инструмент или набор),12.39
1.25.9.3.,применение инструментов для извлечения винта/имплантата (из расчета на один инструмент или набор),12.39
1.25.9.4.,применение инструментов для планирования имплантации по готовым шаблонам (из расчета на один инструмент или набор),2.46
1.25.9.5.,применение инструментов для профилирования кости (из расчета на один инструмент или набор),12.39
1.25.9.6.,применение инструментов для синус-лифтинга (из расчета на один инструмент или набор),12.39
1.25.9.7.,применение инструментов для установки ортодонтических имплантатов (из расчета на один инструмент или набор),12.39
1.25.9.8.,применение инструментов для направленной костной регенерации (из расчета на один инструмент или набор),12.39
1.25.9.9.,применение сетки и инструментов для направленной костной регенерации,0.63
1.25.9.10.,применение ключа для аттачмента,0.67
1.25.9.11.,применение ключа для аттачмента,0.66
1.25.9.12.,применение ключа для аттачмента,0.53
1.25.9.13.,применение ключа для аттачмента HTD Израиль,0.99
1.25.10.1.,применение динамометрического ключа,7.03
1.25.10.2.,применение отвертки для абатмента,0.56
1.25.11.1.,применение канюли для смешивания слепочных масс,0.61
1.25.11.2.,применение канюли для промывания корневого канала,10.46
1.25.11.3.,применение канюли для смешивания пломбировочных материалов,1.04
1.25.11.4.,применение канюли аспирационной одноразовой нестерильной,4.23
1.25.12.1.,применение ирригационной системы стерильной,0.00
1.25.12.2.,применение канюли аспирационной одноразовой стерильной,5.23
1.25.12.3.,применение слюноотсоса хирургического стерильного,0.08
1.25.12.4.,применение наконечника на слюноотсос одноразового стерильного,0.28
1.25.12.5.,применение наконечника на пылесос одноразового стерильного,0.15
1.25.12.6.,применение салфетки (фартука стоматологического или пеленки) для пациента одноразовой стерильной,0.26
1.25.12.7.,применение марли медицинской стерильной,0.16
1.25.12.8.,применение валиков стоматологических стерильных,0.23
1.25.12.9.,применение марлевых шариков стерильных,0.17
1.25.13.1.,применение ножниц по металлу,0.15
1.25.13.2.,применение щипцов крампонных,0.36
1.25.14.1.,применение фиксирующего винта,37.18
1.25.14.2.,применение фиксирующего винта,37.18
1.25.14.3.,применение фиксирующего винта,36.30
1.25.14.4.,применение фиксирующего винта,47.19
1.25.14.5.,применение фиксирующего винта,35.20
1.25.14.6.,применение фиксирующего винта,31.49
1.25.14.7.,применение фиксирующего винта титановый,33.80
1.25.14.8.,применение фиксирующего винта ортодонтический анкерный Корея,108.69
1.25.15.,применение динамометрического ключа,3.59
1.25.16.1.,применение насадки звуковой для распиливания кости; расщепления костного гребня и отделения зуба от альвеолы,202.45
1.25.16.2,применение насадки хирургической (светодиод) для лазера,0.15
1.25.17.1.,применение наконечника на слюноотсос одноразового нестерильного,0.12
1.25.17.2.,применение наконечника на пылесос одноразового нестерильного,0.00
1.25.18.,применение микроаппликатора,0.07
1.25.19.,применение салфетки (фартука стоматологического или пеленки) для пациента одноразовой нестерильной,1.34
1.25.20.,применение марли медицинской нестерильной,0.01
1.25.21.,применение одного вида асептической повязки стерильной,0.00
1.25.22.,применение маски одноразовой,0.09
1.25.23.,применение перчаток медицинских хирургических стерильных одноразовых; используемых при каждом посещении пациента на хирургическом приеме,3.50
1.25.24.,применение перчаток медицинских одноразовых,0.17
1.25.25.,применение комплекта одежды стерильной хирургической одноразовой,22.44
1.25.26.,применение стакана одноразового,0.03
1.25.27.,применение валиков стоматологических ,0.07
1.25.28.,применение штифта бумажного,0.06
1.25.29.1.,применение атравматического шовного материала ПГА,6.92
1.25.29.2.,применение атравматического шовного материала Даклон,8.49
1.25.29.3.,применение атравматического шовного материала Полиамид,4.88
1.25.29.4.,применение атравматического шовного материала Викрол; Сургикрол,9.13
1.25.29.5.,применение атравматического шовного материала Metric,4.73
1.25.29.6.,применение атравматического шовного материала Кетгут,8.90
1.25.30.,применение дренажа,1.48
1.25.31.,применение артикуляционной бумаги; окклюзионной пластинки,0.80
1.25.32.1.,применение системы адгезивной (один зуб) Adper Single Bond,2.64
1.25.32.2.,применение системы адгезивной (один зуб) OptiBond Universal,3.40
1.25.32.3.,применение системы адгезивной (один зуб) Prime&Bond one etch&rinse,2.20
1.25.32.4.,применение системы адгезивной (один зуб) Дентин кондиционер,0.00
1.25.32.5.,применение системы адгезивной (один зуб) Gluma Bond Universal,10.61
1.25.32.6.,применение системы адгезивной (один зуб) Prime&Bond Universal,5.98
1.25.32.7.,применение системы адгезивной (один зуб) Tokuyama Bond Force,4.64
1.25.32.8.,применение системы адгезивной (один зуб) С-бонд Ceram Bond,3.83
1.25.32.9.,применение системы адгезивной (один зуб) Люксабонд,0.00
1.25.32.10.,применение системы адгезивной (один зуб) G-Bond,4.14
1.25.32.11.,применение системы адгезивной (один зуб) G-aenial Bond,3.00
1.25.32.12.,применение системы адгезивной (один зуб) EsBond,1.39
1.25.32.13.,применение системы адгезивной (один зуб) Dental Adhesive HugeBond,1.60
1.25.32.14.,применение системы адгезивной (один зуб) ONE COAT UNIVERSAL,3.37
1.25.32.15.,применение системы адгезивной (один зуб) Tokuyama shield Force plus,5.60
1.25.32.16.,применение системы адгезивной (один зуб),1.17
1.25.33.,применение средства для протравки эмали (один зуб),0.00
1.25.34.1.,применение штрипсы Бельгия,11.85
1.25.34.2.,применение штрипсы Германия,14.11
1.25.34.3.,применение штрипсы Польша,13.83
1.25.34.4.,применение штрипсы полоска шлифовальная ТОР ВМ,0.09
1.25.34.5.,применение штрипсы Sof-Lex,1.17
1.25.34.6.,применение штрипсы полоска абразивная Drendel Zweilin,15.95
1.25.34.7.,применение штрипсы полоска абразивная,1.53
1.25.34.8.,применение штрипсы NTI,10.48
1.25.35.,применение диска полировочного Enhance Finishing System чашечка диск,6.37
1.25.36.,применение ретрактора щеки OptraGate,0.01
1.25.37.1.,применение имплантата AnyRidge Корея MEGAGEN,522.50
1.25.37.2.,применение имплантата ST Internal Fixture Корея MEGAGEN,159.09
1.25.37.3.,применение имплантата AnyOne Корея MEGAGEN,316.00
1.25.37.4.,применение имплантата AnyOne Корея MEGAGEN,323.40
1.25.37.5.,применение имплантата Touareg,246.64
1.25.37.6.,применение имплантата Straumann AG,824.55
1.25.37.7.,применение имплантата Swell,217.99
1.25.37.8.,применение имплантата Spiral Израиль,236.45
1.25.37.9.,применение имплантата Израиль C1,417.97
1.25.37.10.,применение имплантата TS SA fixture Pre Mounted,208.00
1.25.37.11.,применение имплантата GM HELIX ACQUA,311.15
1.25.37.12.,применение имплантата SLActive Roxolid; Loxim,813.67
1.25.37.13.,применение имплантата титановый Tuff,163.54
1.25.37.14.,применение имплантата NICE Израиль,256.87
1.25.37.15.,применение заглушки винт,24.50
1.25.37.16.,применение заглушки,79.18
1.25.37.17.,применение заглушки цилиндр защитный,107.22
1.25.37.18.,применение заглушки цилиндр защитный,42.60
1.25.37.19.,применение заглушки,79.49
1.25.37.20.,применение заглушки,59.40
1.25.37.21.,применение заглушки,17.88
1.25.37.22.,применение заглушки,0.00
1.25.37.23.,применение заглушки,0.00
1.25.37.24.,применение заглушки,0.00
1.25.37.25.,применение заглушки,0.00
1.25.37.26.,применение заглушки винт,24.50
1.25.37.27.,применение ФДМ формирователь десны,80.00
1.25.37.28.,применение ФДМ RC,125.88
1.25.37.29.,применение ФДМ RN,119.94
1.25.37.30.,применение ФДМ MEGAGEN,76.00
1.25.37.31.,применение ФДМ Healing Abutment,75.39
1.25.37.32.,применение ФДМ HS Израиль,36.93
1.25.37.33.,применение ФДМ,19.80
1.25.37.34.,применение ФДМ,63.80
1.25.37.35.,применение ФДМ,71.50
1.25.37.36.,применение ФДМ,78.10
1.25.37.37.,применение аналога лабораторный имплантата MEGAGEN,55.03
1.25.37.38.,применение аналога STRAUMANN,95.70
1.25.37.39.,применение аналога гибридный переставляемый GM,94.50
1.25.37.40.,применение аналога TS Корея,48.61
1.25.37.41.,применение аналога,79.54
1.25.37.42.,применение аналога,52.80
1.25.37.43.,применение аналога,89.58
1.25.37.44.,применение аналога,75.94
1.25.37.45.,применение абатмента временный MEGAGEN,99.00
1.25.37.46.,применение абатмента MEGAGEN ZRGEN,70.00
1.25.37.47.,применение абатмента MEGAGEN ZRGEN,100.10
1.25.37.48.,применение абатмента RN Variobase,289.16
1.25.37.49.,применение абатмента Straumann Variobase,232.08
1.25.37.50.,применение абатмента CARES RN MONO,31.90
1.25.37.51.,применение абатмента Meg-Rhein,239.80
1.25.37.52.,применение абатмента Scan MEGAGEN,132.00
1.25.37.53.,применение абатмента TLA Израиль,38.73
1.25.37.54.,применение абатмента анатомический антиротационный,56.13
1.25.37.55.,применение абатмента угловой анатомический,71.46
1.25.37.56.,применение абатмента пластиковый литой,140.06
1.25.37.57.,применение абатмента-мультиюнита TS link for lab,129.44
1.25.37.58.,применение абатмента-мультиюнита MEGAGEN,128.00
1.25.37.59.,применение абатмента-мультиюнита MEGAGEN AO/ST,141.00
1.25.37.60.,применение абатмента-мультиюнита,127.00
1.25.37.61.,применение абатмента-мультиюнита,65.80
1.25.37.62.,применение абатмента-мультиюнита,150.88
1.25.37.63.,применение абатмента-мультиюнита,183.70
1.25.37.64.,применение абатмента-мультиюнита,180.40
1.25.37.65.,применение абатмента-мультиюнита,177.10
1.25.37.66.,применение абатмента TS Osstem ,131.55
1.25.37.67.,применение абатмента временный STRAUMANN,159.81
1.25.37.68.,применение абатмента временный GM,128.14
1.25.37.69.,применение абатмент-чека,129.99
1.25.37.70.,применение абатмент-чека,193.00
1.25.37.71.,применение абатмент-чека,220.01
1.25.37.72.,применение абатмент-чека,255.26
1.25.38.1.,применение остеокондуктивного... мембрана collprotect 30х40,484.62
1.25.38.2.,применение остеокондуктивного... Биопласт-Дент,71.59
1.25.38.3.,применение остеокондуктивного... Gelstlich Bio-Oss,246.27
1.25.38.4.,применение остеокондуктивного... гель кортикально-губчатый МР3,321.04
1.25.38.5.,применение остеокондуктивного... Ossix,542.77
1.25.38.6.,применение остеокондуктивного... TECNOSS DENTAL,244.55
1.25.38.7.,применение остеокондуктивного... TECNOSS DENTAL,252.70
1.25.38.8.,применение остеокондуктивного... матрица коллагеновая GEN-OS MIX,423.91
1.25.38.9.,применение остеокондуктивного... костный крупные гранулы 4bone bch,391.38
1.25.38.10.,применение остеокондуктивного... матрица коллагеновая APATOS MIX,395.37
1.25.38.11.,применение остеокондуктивного... гранулы губчато-кортикальные BIO-GEN,708.25
1.25.38.12.,применение остеокондуктивного... гранулы губчато-кортикальные Коллапан гранулы,183.33
1.25.38.13.,применение остеокондуктивного... керамический cerabone ,720.01
1.25.38.14.,применение остеокондуктивного... керамический cerabone ,652.43
1.25.38.15.,применение остеокондуктивного... Gelstlich Bio-Oss крупные гранулы,1484.99
1.25.38.16.,применение остеокондуктивного... Мембрана резорбируемая EVOLUTION DRIED,386.71
1.25.39.1.,применение барьерной мембраны collprotect,561.31
1.25.39.2.,применение барьерной мембраны Биопласт-Дент ,85.02
1.25.39.3.,применение барьерной мембраны Биопласт-Дент 25х25,191.31
1.25.39.4.,применение барьерной мембраны OSSIX,302.94
1.25.39.5.,применение барьерной мембраны титановая Корея,250.80
1.25.39.6.,применение барьерной мембраны OSSIX VOLUMAX,639.32
1.25.39.7.,применение барьерной мембраны OSSIX BONE,460.91
1.25.39.8.,применение барьерной мембраны Jason membrane,621.75
1.25.39.9.,применение барьерной мембраны Коллапан мембрана,146.56
1.25.39.10.,применение барьерной мембраны,0.00
1.25.39.11.,применение барьерной мембраны,0.00
1.25.39.12.,применение барьерной мембраны,0.00
1.25.40.1.,применение компресса для альвеол Губка,1.50
1.25.40.2.,применение компресса для альвеол Альвостаз-губка,1.20
1.25.40.3.,применение компресса для альвеол РЕТРАГЕЛЬ,4.46
1.25.40.4.,применение компресса для альвеол губка Cutanplast ,4.75
1.25.40.5.,применение компресса для альвеол Альвостаз жгутики,28.23
1.25.40.6.,применение компресса для альвеол collacone Botiss,25.17
1.25.41.1.,применение гемостатического средства гемостаб,2.09
1.25.41.2.,применение гемостатического средства капрамин,0.61
1.25.41.3.,применение гемостатического средства Alustat gel ,16.05
1.25.41.4.,применение гемостатического средства Алюмогель,2.71
1.25.41.5.,применение гемостатического средства viscostat clear,29.66
1.25.41.6.,применение гемостатического средства,2.56
1.25.41.7.,применение гемостатического средства,2.56
1.25.41.8.,применение гемостатического средства,2.56
1.25.42.,применение бахил,0.18
1.25.43.,применение материала упаковочного (крафт-бумага; крафт-пакет; вакуум-пакет; иной аналогичный упаковочный материал),0.07
1.25.43.1.,применение материала упаковочного крафт-бумага,0.08
1.25.43.2.,применение материала упаковочного крафт-пакет,0.10
1.25.43.3.,применение материала упаковочного вакуум-пакет,0.07
1.25.43.4.,применение материала упаковочного  упаковочный материал Клинпак,0.50
1.25.44.,применение индикатора одноразового,0.04
1.25.45.,применение аппликатора одноразового,0.04
1.25.46.,применение шприца эндодонтического с эндодонтической иглой одноразового,1.83
1.25.47.1.,элемента брекета Damon,64.33
1.25.47.2.,элемента брекета CS ROTH,4.27
1.25.47.3.,элемента брекета ROTH 22,71.14
1.25.47.4.,элемента брекета самолигирующий,44.53
1.25.47.5.,элемента брекета Damon Clear,108.74
1.25.47.6.,элемента брекета Damon ,53.04
1.25.47.7.,элемента брекета BioMIM,9.34
1.25.47.8.,элемента брекета APC FF SmartClip,53.40
1.25.47.9.,элемента брекет США,43.19
1.25.47.10.,элемента брекета SensySmart керамический,0.00
1.25.47.11.,элемента брекета,0.00
1.25.47.12.,элемента брекета,0.00
1.25.47.13.,элемента трубка щечная,39.81
1.25.47.14.,элемента крючок,4.25
1.25.47.15.,элемента цепочка SensySmart,47.76
1.25.47.16.,элемента тяга эластическая,4.00
1.25.47.17.,элемента LM-Activator,194.14
1.25.47.18.,элемента трубка щечная,62.79
1.25.47.19.,элемента трубка-замок конвертируемая,83.58
1.25.47.20.,элемента трубка-замок неконвертируемая,19.51
1.25.47.21.,элемента цепочка эластичная Generation,68.49
1.25.47.22.,элемента Набор брекетов Н4 022 Pitts Broad,986.71
1.25.47.23.,элемента силовой элемент SensySmart,36.31
1.25.47.24.,элемента мультибондинг-системы,0.00
1.25.48.,применение ложки слепочной,2.32
1.25.49.,применение материала; инструмента; изделия; средства медицинского назначения в соответствии с методом оказания медицинской помощи,
1.25.49.1.1.,применение гарнитуры полного NAPERCE,23.28
1.25.49.1.2.,применение гарнитуры полного Eray,11.52
1.25.49.1.3.,применение гарнитуры полного Anis Expert АНИС,2.04
1.25.49.1.4.,применение гарнитуры полного,17.51
1.25.49.1.5.,применение гарнитуры жевательного Anis Expert АНИС,4.19
1.25.49.1.6.,применение гарнитуры жевательного NAPERCE,9.90
1.25.49.1.7.,применение гарнитуры жевательного Synthetic Polimer Teeth,5.28
1.25.49.1.8.,применение гарнитуры жевательного Cross Linked,10.05
1.25.49.1.9.,применение гарнитуры фронтального Primodent,14.23
1.25.49.1.10.,применение гарнитуры фронтального Anis Expert АНИС,5.49
1.25.49.1.11.,применение гарнитуры фронтального Cross Linked,13.44
1.25.49.1.12.,применение гарнитуры фронтального Synthetic Polimer Teeth NAPERCE,7.70
1.25.49.2.,применение формалина нейтрального,0.00
1.25.49.3.,применение расходных материалов при использовании микроскопа,0.70
1.25.49.4.,применение расходных материалов при использовании оптических систем,0.51
1.25.49.5.,применение расходных материалов при использовании лазерных систем,0.27
1.25.49.6.,применение аппарата радиоволновой хирургии или диатермокоагулятора,0.15
1.25.49.7.1.,применение основы титановой база основание GM Бразилия,1.23
1.25.49.7.2.,применение основы титановой база основание,1.22
1.25.49.7.3.,применение основы титановой база основание Израиль,1.55
1.25.49.7.4.,применение основы титановой база для MultiUnit Израиль,0.90
1.25.49.7.5.,применение основы титановой Израиль,0.58
1.25.49.7.6.,применение основы титановой,0.48
1.25.49.7.7.,применение основы титановой,1.79
1.25.49.7.8.,применение основы титановой,1.76
1.25.49.7.9.,применение основы титановой,1.78
1.25.49.7.10.,применение основы титановой,1.56
1.25.49.7.11.,применение основы титановой,1.58
1.25.49.7.12.,применение основы титановой,1.76
1.25.49.8.,применение зонда стоматологического,0.19
1.25.49.9.1.,применение колпачка выгораемого MHCR 100 Корея,95.14
1.25.49.9.2.,применение колпачка выгораемого TAC-TCT-N-R Израиль,62.87
1.25.49.9.3.,применение колпачка выгораемого,66.26
1.25.49.9.4.,применение колпачка выгораемого,82.50
1.25.49.9.5.,применение колпачка выгораемого,71.23
1.25.49.9.6.,применение колпачка выгораемого,62.03
1.25.49.9.7.,применение колпачка выгораемого,71.58
1.25.49.9.8.,применение колпачка выгораемого,0.00
1.25.49.10.,применение шприца для промывания корневого канала,0.23
1.25.49.11,применение марлевых шариков нестерильных,0.02
1.25.49.12.,применение бинта,1.09
1.25.49.13.1.,применение 0.1мл фтор- и/или... Флюокал,0.00
1.25.49.13.2.,применение 0.1мл фтор- и/или... Мультифлюорид,0.00
1.25.49.13.3.,применение 0.1мл фтор- и/или... Bifluorid 12,6.04
1.25.49.13.4.,применение 0.1мл фтор- и/или... Флюорпротектор,0.00
1.25.49.13.5.,применение 0.1мл фтор- и/или... Глюфторэд,0.00
1.25.49.13.6.,применение 0.1мл фтор- и/или... Омегадент,0.00
1.25.49.13.7.,применение 0.1мл фтор- и/или... Белак Ф,0.02
1.25.49.13.8.,применение 0.1мл фтор- и/или... Нанофлюор,0.55
1.25.49.13.9.,применение 0.1мл фтор- и/или... Десенсетайзер ТЕЛИО,0.00
1.25.49.13.10.,применение 0.1мл фтор- и/или... Фторлюкс,0.00
1.25.49.13.11.,применение 0.1мл фтор- и/или... Смартфлюорид,0.00
1.25.49.13.12.,применение 0.1мл фтор- и/или... Серебросодержащего,0.00
1.25.49.13.13.,применение 0.1мл фтор- и/или... Фторлак прозрачный,0.15
1.25.49.13.14.,применение 0.1мл фтор- и/или... АПФ гель реминерализующий,0.07
1.25.49.13.15.,применение 0.1мл фтор- и/или... гель Sherbet,0.01
1.25.49.13.16.,применение 0.1мл фтор- и/или... Белагель,0.17
1.25.49.13.17.,применение 0.1мл фтор- и/или... MI Varnish,1.74
1.25.49.13.18.,применение 0.1мл фтор- и/или... ФторАсепт,0.14
1.25.49.13.19.,применение 0.1мл фтор- и/или... FLAIRESSE,0.03
1.25.49.13.20.,применение 0.1мл фтор- и/или... Enamelast,2.12
1.25.49.13.21.,применение 0.1мл фтор- и/или... ЛАК закрепляющий Secura Varnish,0.32
1.25.49.13.22.,применение 0.1мл фтор- и/или...,0.00
1.25.49.13.23.,применение 0.1мл фтор- и/или...,0.00
1.25.49.13.24.,применение 0.1мл фтор- и/или...,0.00
1.25.49.14.1.,применение 30г массы оттискной альгинатной Hydrogum,1.53
1.25.49.14.2.,применение 30г массы оттискной альгинатной Упин,0.00
1.25.49.14.3.,применение 30г массы оттискной альгинатной Аллигат,0.00
1.25.49.14.4.,применение 30г массы оттискной альгинатной Ортопринт ORTHOPRINT,1.03
1.25.49.14.5.,применение 30г массы оттискной альгинатной Hydrogum 5,1.08
1.25.49.14.6.,применение 30г массы оттискной альгинатной,0.00
1.25.49.14.7.,применение 30г массы оттискной альгинатной,0.00
1.25.49.14.8.,применение 30г массы оттискной альгинатной,0.00
1.25.49.14.9.,применение 30г массы оттискной альгинатной,0.00
1.25.49.14.10.,применение 30г массы оттискной альгинатной,0.00
1.25.49.14.11.,применение 30г массы оттискной альгинатной,0.00
1.25.49.14.12.,применение 30г массы оттискной альгинатной,0.00
1.25.49.15.1.,применение 48 мл/г массы Honigum Putty,15.38
1.25.49.15.2.,применение 48 мл/г массы Honigum light,104.02
1.25.49.15.3.,применение 48 мл/г массы Mollosil,82.63
1.25.49.15.4.,применение 48 мл/г массы Zetaplus,3.72
1.25.49.15.5.,применение 48 мл/г массы Silasoft,8.65
1.25.49.15.6.,применение 48 мл/г массы Exaplast putty,4.86
1.25.49.15.7.,применение 48 мл/г массы Elite Putty,12.16
1.25.49.15.8.,применение 48 мл/г массы Elite light,37.33
1.25.49.15.9.,применение 48 мл/г массы Occlufast Rock,36.87
1.25.49.15.10.,применение 48 мл/г массы Статус блю,0.00
1.25.49.15.11.,применение 48 мл/г массы Speedex Putty,2.85
1.25.49.15.12.,применение 48 мл/г массы Speedex light,9.05
1.25.49.15.13.,применение 48 мл/г массы Speedex Universal Activator,27.20
1.25.49.15.14.,применение 48 мл/г массы Silagum Putty,11.68
1.25.49.15.15.,применение 48 мл/г массы Silagum light,44.21
1.25.49.15.16.,применение 48 мл/г массы Oxasil Putty,2.09
1.25.49.15.17.,применение 48 мл/г массы Oxasil light,18.00
1.25.49.15.18.,применение 48 мл/г массы Perfit putty,5.46
1.25.49.15.19.,применение 48 мл/г массы Perfit light,27.56
1.25.49.15.20.,применение 48 мл/г массы Tray-Adhesive,283.80
1.25.49.15.21.,применение 48 мл/г массы Oranwash,11.44
1.25.49.15.22.,применение 48 мл/г массы FUTUR,24.08
1.25.49.15.23.,применение 48 мл/г массы Gingifast Rigid,53.46
1.25.49.15.24.,применение 48 мл/г массы I-Sil putty,9.91
1.25.49.15.25.,применение 48 мл/г массы Detaseal function,36.10
1.25.49.15.26.,применение 48 мл/г массы I-Sil Light Body,40.91
1.25.49.16.,применение контейнера для транспортировки ортопедической работы,2.50
1.25.49.17.,применение контейнера для транспортировки ортодонтической работы,1.73
1.25.49.18.,применение 1 бланка амбулаторной стоматологической карты,1.00
1.25.49.19.,применение 1 бланка диагностического; консультационного и прочего,0.03
1.25.49.20.,применение носителя информации - флеш-карты,0.00
1.25.49.21.,применение носителя информации - диска,0.96
1.25.49.22.1.,применение сканмаркера,165.76
1.25.49.22.2.,применение сканмаркера GM Бразилия,70.05
1.25.49.22.3.,применение сканмаркера,0.00
1.25.49.22.4.,применение сканмаркера,0.00
1.25.49.22.5.,применение сканмаркера,0.00
1.25.49.22.6.,применение сканмаркера,0.00
1.25.49.22.7.,применение сканмаркера,0.00
1.25.49.22.8.,применение сканмаркера,0.00
1.25.49.23.1.,применение анестезии Септанест,0.00
1.25.49.23.2.,применение анестезии Убистезин форте,1.92
1.25.49.23.3.,применение анестезии Артикаин,1.40
1.25.49.23.4.,применение анестезии Ультракаин,2.37
1.25.49.23.5.,применение анестезии Скандонест,0.00
1.25.49.23.6.,применение анестезии Лидокаин,0.00
1.25.49.23.7.,применение анестезии Лидоксор гель,0.47
1.25.49.23.8.,применение анестезии ЦИТОКАРТИН,3.77
1.25.49.23.9.,применение анестезии Пульпевит,0.55
1.25.49.23.10.,применение анестезии ВР АНЕСТ с адреналином,2.07
1.25.49.23.11.,применение анестезии,0.00
1.25.49.23.12.,применение анестезии,0.00
1.25.49.24.,применение экрана защитного,29.60
1.25.49.25.,применение аппарата ультразвукового,0.04
1.25.49.26.,применение конверта для СД-диска,0.15
1.25.49.27.,применение шапочки одноразовой,0.04
1.25.49.28.,применение халата одноразового,2.61
1.25.49.29.,применение простыни одноразовой,0.30
1.25.49.30.,применение отвертки для формирователя десневой манжетки (далее – ФДМ); фиксирующего винта абатмента; заглушки имплантата,0.38
1.25.49.31.1.,диск для фрезерования PMMA BLOCK 98х20,3.96
1.25.49.31.2.,диск для фрезерования PMMA BLOCK 98х16,3.25
1.25.49.31.3.,диск для фрезерования PMMA BLOCK 98х12,3.00
1.25.49.31.4.,диск для фрезерования Noritake KATANA Zirkonia,23.98
1.25.49.31.5.,диск для фрезерования Noritake KATANA Zirkonia,0.00
1.25.49.31.6.,диск для фрезерования ДИОКСИД ЦИРКОНИЯ ZIRKING 98х20,25.85
1.25.49.31.7.,диск для фрезерования ДИОКСИД ЦИРКОНИЯ ZIRKING 98х18,24.20
1.25.49.31.8.,диск для фрезерования ДИОКСИД ЦИРКОНИЯ ZIRKING 98х12,16.85
1.25.49.31.9.,диск для фрезерования ДИОКСИД ЦИРКОНИЯ ZIRKING 98х10 AT,20.40
1.25.49.31.10.,диск для фрезерования ДИОКСИД ЦИРКОНИЯ ZIRKING 98х10 HT,25.14
1.25.49.31.11.,диск для фрезерования CERCON 98 18,27.67
1.25.49.31.12.,диск для фрезерования IPS Empress CAD CEREC/inLab c14,11.25
1.25.49.31.13.,фрезерования из различных материалов IPS e.max CAD CEREC/inLab c14,9.36
1.25.49.32.1.,блок для фрезерования KATANA,89.52
1.25.49.32.2.,блок для фрезерования Vitablocs 14; VITA SUPRINITY,342.76
1.25.49.32.3.,блок для фрезерования Vitablocs 14,323.82
1.25.49.32.4.,блок для фрезерования VITA SUPRINITY,275.32
1.25.49.32.5.,блок для фрезерования VITA ENAMIC 14,582.88
1.25.49.32.6.,блок для фрезерования VITA ENAMIC 14,648.81
1.25.49.32.7.,блок для фрезерования Vitablocs 12,243.84
1.25.49.32.8.,блок для фрезерования Vitablocs 12,314.53
1.25.49.32.9.,блок для фрезерования Vitablocs 12,302.97
1.25.49.32.10.,фрезерования из различных материалов,0.00
1.25.49.32.11.,фрезерования из различных материалов,0.00
1.25.49.33.1.,заготовки сырьевой (блока) GC Initial Lisi Press дисиликат лития,69.02
1.25.49.33.2.,заготовки сырьевой (блока),0.00
1.25.49.33.3.,заготовки сырьевой (блока),0.00
1.25.49.33.4.,заготовки сырьевой (блока),0.00
1.25.49.33.5.,заготовки сырьевой (блока),0.00
1.25.49.33.6.,заготовки сырьевой (блока),0.00
1.25.49.33.7.,заготовки сырьевой (блока),0.00
1.25.49.33.8.,заготовки сырьевой (блока),0.00
1.25.49.33.9.,заготовки сырьевой (блока),0.00
1.25.49.33.10.,заготовки сырьевой (блока),0.00
1.25.49.33.11.,заготовки сырьевой (блока),0.00
1.25.49.33.12.,заготовки сырьевой (блока),0.00
1.25.49.34.1.,заготовки сырьевой (блока) MEGAGEN,165.76
1.25.49.34.2.,заготовки сырьевой (блока) RB Швейцария,117.06
1.25.49.34.3.,заготовки сырьевой (блока) EXACT,77.44
1.25.49.34.4.,заготовки сырьевой (блока) STRAUMANN,95.69
1.25.49.34.5.,заготовки сырьевой (блока) колпачок слепочный MEG-RHEIN; TS Osstem,14.31
1.25.49.34.6.,заготовки сырьевой (блока) слепочный модуль,103.99
2.,Стоматология терапевтическая (терапевтическое стоматологическое лечение),
2.1.,лечение кариеса в стадии пятна методом инфильтрации (одна процедура),50.38
2.2.,герметизация фиссур одного зуба:,
2.2.1.,герметизация фиссур одного зуба (неинвазивный метод),26.63
2.2.2.,герметизация фиссур одного зуба (инвазивный метод),41.55
2.3.,препарирование твердых тканей одного зуба при лечении кариеса (I; II; III; IV; V классы по Блэку) и некариозных болезней; возникших после прорезывания зубов с локализацией полостей в зависимости от поверхности:,
2.3.1.,препарирование кариозной полости – одна поверхность,26.91
2.3.2.,препарирование кариозной полости – каждая последующая (дополнительная) поверхность,7.36
2.3.3.,препарирование кариозной полости с использованием ультразвуковых технологий,14.84
2.4.,изготовление изолирующей фотоотверждаемой прокладки (СИЦ; композит химический и фотоотверждаемый; цемент; компомер; флоу),9.07
2.5.,эндодонтическое лечение одного зуба при пульпите и апикальном периодонтите:,
2.5.1.,препарирование полости зуба,27.24
2.5.2.,препарирование полости зуба с использованием ультразвуковой технологии,23.66
2.6.,покрытие пульпы лечебной прокладкой,9.19
2.7.,наложение девитализирующей пасты,8.93
2.8.,инструментальная и медикаментозная обработка одного канала при пульпите и апикальном периодонтите:,
2.8.1.,инструментальная и медикаментозная обработка одного хорошо проходимого канала,15.49
2.8.2.,инструментальная и медикаментозная обработка одного плохо проходимого канала,22.76
2.9.,девитальная пульпотомия,3.81
2.10.,наложение пасты над устьями каналов,4.04
2.11.,экстирпация пульпы (пульпэктомия) из одного канала,4.56
2.12.,остановка кровотечения из одного корневого канала,11.59
2.13.,распломбирование ранее запломбированного пастой; гуттаперчей,34.40
2.14.,распломбирование ранее запломбированного цементом; резорцинформалиновой пастой,56.59
2.15.,пломбирование одного корневого канала пастой,20.13
2.16.,пломбирование одного корневого канала с созданием апикального барьера с применением материала; содержащего минерал триоксид агрегат,29.98
2.17.,пломбирование одного корневого канала гуттаперчевыми штифтами с применением метода конденсации,25.03
2.18.,пломбирование одного корневого канала с применением горячей гуттаперчи; в том числе на различных носителях,24.75
2.19.,герметизация перфорационного отверстия,19.43
2.20.,диагностическая ревизия одного корневого канала,39.54
2.21.,использование ультразвуковой технологии при эндодонтическом лечении одного зуба,117.45
2.22.,обработка одного корневого канала с использование эндодонтического наконечника,31.79
2.23.,измерение длины одного корневого канала при помощи аппарата «Апекслокатор»,4.10
2.24.,пломбирование коронковой части одного зуба при лечении кариозной полости (в зависимости от количества поверхностей) композитом химического отверждения:,
2.24.1.,пломбирование коронковой части одного зуба композиционным... – одна поверхность,19.50
2.24.2.,пломбирование коронковой части одного зуба композиционным... – каждая последующая (дополнительная) поверхность,6.16
2.25.,пломбирование коронковой части одного зуба при лечении кариозной полости (в зависимости от количества поверхностей) фотополимерным композиционным (композитным) материалом; компомером; гиромером:,
2.25.1.,пломбирование коронковой части одного зуба фотополимерным... одна поверхность,24.03
2.25.2.,пломбирование коронковой части одного зуба фотополимерным... каждая последующая (дополнительная) поверхность,14.62
2.26.,пломбирование коронковой части одного зуба при лечении кариозной полости (в зависимости от количества поверхностей) СИЦ:,
2.26.1.,пломбирование коронковой части одного зуба СИЦ кариозной полости – одна поверхность,18.83
2.26.2.,пломбирование коронковой части одного зуба СИЦ кариозной полости – каждая последующая (дополнительная) поверхность,9.42
2.27.,реставрация (восстановление) коронковой части одного зуба при лечении кариозной полости с локализацией полостей независимо от поверхности:,
2.27.1.,применение парапульпарного штифта при реставрации коронковой части зуба,27.32
2.27.2.,применением интраканального (стекловолоконного; углеволоконного; анкера) штифта в одном канале при реставрации коронковой части зуба,48.06
2.27.3.,армирование стекловолоконной лентой при реставрации коронковой части зуба,37.60
2.27.4.,виниринговое покрытие прямым методом либо с использованием системы компониров,118.23
2.27.5.,полное восстановление анатомической формы с художественным оформлением,94.33
2.27.6.,полное восстановление анатомической формы с художественным оформлением,111.72
2.28.,дополнительные мероприятия:,
2.28.1.,наложение матрицы,4.09
2.28.2.,установка матрицедержателя,3.32
2.28.3.,установка межзубных клиньев,1.97
2.29.,финишная обработка; шлифовка; полировка:,
2.29.1.,финишная обработка; шлифовка; полировка пломбы из СИЦ; композиционного (композитного) материала химического или фотоотверждения,44.64
2.29.2.,финишная обработка; шлифовка; полировка эстетической реставрации из фотоотверждаемого композиционного (композитного) материала,125.00
2.30;.,отбеливание зубов:,
2.30.1.,отбеливание зубов с использованием каппы (одна челюсть),44.14
2.30.2.,отбеливание зубов офисное химическое (одна челюсть),143.12
2.30.3.,отбеливание зубов офисное активируемое аппаратное (одна челюсть),128.89
2.30.4.,отбеливание одного витального зуба,40.33
2.30.5.,отбеливание одного депульпированного зуба (первое посещение),61.88
2.30.6.,последующее отбеливание одного депульпированного зуба,51.84
2.31.,лечение болезней периодонта:,
2.31.1.,кюретаж периодонтальных карманов в области одного зуба,8.18
2.31.2.,ирригационная терапия одного периодонтального кармана у одного зуба,3.35
2.31.3.,лечебная и защитная повязка в области одного сектанта,6.15
2.31.4.,расширение апертуры периодонтального кармана в области одного зуба,4.79
2.31.5.,склерозирующая терапия в области одного зуба,6.00
2.31.6.,инъекционная терапия в области одного зуба,6.00
2.32.,скелинг и корневое сглаживание при лечении болезней периодонта (за один зуб):,
2.32.1.,скелинг и корневое сглаживание (один зуб; ручной способ),24.71
2.32.2.,скелинг и корневое сглаживание (один зуб; аппаратный способ),21.81
2.33.,шинирование:,
2.33.1.,временное шинирование зубов фотополимерным композиционным (композитным) материалом (в расчете на один зуб),99.57
2.33.2.,временное шинирование зубов армирующей лентой (в расчете на один зуб),124.36
2.33.3.,временное шинирование зубов армирующей лентой с моделированием одного зуба при ленточном шинировании (из расчета на один отсутствующий зуб),120.30
2.33.4.,изготовление адгезионного протеза прямым методом при шинировании (из расчета на один отсутствующий зуб),230.34
2.34.,терапевтическое стоматологическое лечение с использованием лазерных технологий:,
2.34.1.,кондиционирование эмали; обработка одного канала; снятие чувствительности шейки зуба; герметизация фиссур одного зуба; удаление зубных отложений с одного зуба и обработка периодонтального кармана; лечение периимплантита; лечение элементов поражения слизистой оболочки ротовой полости,8.21
2.34.2.,препарирование кариозной полости и полости зуба с использованием лазерных технологий,24.04
2.34.3.,отбеливание зубов с помощью лазера,37.96
2.35.,определение минерализации твердых тканей одного зуба лазерфлуоресцентным методом,3.77
2.36.,лечение озоном одного зуба; реминерализация твердых тканей зуба одного зуба; обработка одного элемента поражения слизистой оболочки полости рта или кожи; обработка полости одного зуба; корневых каналов и периодонтальных карманов,80.93
2.37.,применение материала; инструмента; изделия; средства медицинского назначения в соответствии с методом оказания медицинской помощи при проведении стоматологического терапевтического лечения,
2.37.1.1.,Применение 0.3г Цинк-оксид эвгенол (Гуттасилер),0.48
2.37.1.2.,Применение 0.3г AH Plus,9.21
2.37.1.3.,Применение 0.3г Виздент,0.85
2.37.1.4.,Применение 0.3г Виосил VioSeal,2.72
2.37.1.5.,Применение 0.3г Суресил Sure-Seal Root,24.25
2.37.1.6.,Применение 0.3г Adseall Эдсил,1.89
2.37.1.7.,Применение 0.3г Эндометазон Endomethasone N,4.56
2.37.1.8.,Применение 0.3г AH Temp,26.74
2.37.1.9.,Применение 0.3г Йодент Йодекс Иодотин,1.52
2.37.1.10.,Применение 0.3г Пульпосептин,1.71
2.37.1.11.,Применение 0.3г CALCIPAST,8.11
2.37.1.12.,Применение 0.3г Резодент резорцин-формалин,0.42
2.37.1.13.,Применение 0.3г Крезодент,0.48
2.37.1.14.,Применение 0.3г Апексдент,1.41
2.37.1.15.,Применение 0.3г Триоксидент,2.46
2.37.1.16.,Применение 0.3г Метапаста Metapaste,7.07
2.37.1.17.,Применение 0.3г MTA+,4.80
2.37.1.18.,Применение 0.3г VioPaste,6.37
2.37.1.19.,Применение 0.3г VioPex,5.78
2.37.1.20.,Применение 0.3г MD-ChelCream,1.36
2.37.1.21.,Применение 0.3г Dia-Root Bio Sealer,22.84
2.37.1.22.,Применение 0.3г Эндовит,0.35
2.37.1.23.,Применение 0.3г Виадент Владмива,0.85
2.37.1.24.,Применение 0.3г DiaPaste Regular,1.88
2.37.2.1.,Применение 0.2г Цинк-оксид эвгенол (Гуттасилер),0.32
2.37.2.2.,Применение 0.2г AH Plus,6.14
2.37.2.3.,Применение 0.2г Виздент,0.57
2.37.2.4.,Применение 0.2г Виосил VioSeal,1.81
2.37.2.5.,Применение 0.2г Суресил Sure-Seal Root,16.17
2.37.2.6.,Применение 0.2г Adseall Эдсил,1.26
2.37.2.7.,Применение 0.2г Эндометазон Endomethasone N,3.04
2.37.2.8.,Применение 0.2г AH Temp,17.82
2.37.2.9.,Применение 0.2г Йодент Йодекс Иодотин,1.01
2.37.2.10.,Применение 0.2г Пульпосептин,1.14
2.37.2.11.,Применение 0.2г CALCIPAST,5.41
2.37.2.12.,Применение 0.2г Резодент резорцин-формалин,0.28
2.37.2.13.,Применение 0.2г Крезодент,0.32
2.37.2.14.,Применение 0.2г Апексдент,0.94
2.37.2.15.,Применение 0.2г Триоксидент,1.64
2.37.2.16.,Применение 0.2г Метапаста Metapaste,4.71
2.37.2.17.,Применение 0.2г MTA+ ,3.20
2.37.2.18.,Применение 0.2г VioPaste,4.25
2.37.2.19.,Применение 0.2г VioPex,3.86
2.37.2.20.,Применение 0.2г MD-ChelCream,0.91
2.37.2.21.,Применение 0.2г Dia-Root Bio Sealer,15.23
2.37.2.22.,Применение 0.2г Эндовит,0.23
2.37.2.23.,Применение 0.2г Виадент Владмива,0.57
2.37.2.24.,Применение 0.2г DiaPaste Regular,1.25
2.37.3.1.,Применение 0.3г Комполюкс,0.00
2.37.3.2.,Применение 0.3г Диамонд брайт,0.00
2.37.3.3.,Применение 0.3г Харизма,0.00
2.37.3.4.,Применение 0.3г Альфадент,0.00
2.37.3.5.,Применение 0.3г Фуджи Fuji,1.92
2.37.3.6.,Применение 0.3г Ионоджем,0.00
2.37.3.7.,Применение 0.3г Аквион,0.43
2.37.3.8.,Применение 0.3г Кетак-моляр,0.00
2.37.3.9.,Применение 0.3г СДР SDR,16.47
2.37.3.10.,Применение 0.3г Ionoseal Ионосил,12.57
2.37.3.11.,Применение 0.3г Кетак фил,0.00
2.37.3.12.,Применение 0.3г Полиакрилин,0.00
2.37.3.13.,Применение 0.3г Глассин рест (кидс),1.20
2.37.3.14.,Применение 0.3г Пермацем Permacem,10.49
2.37.3.15.,Применение 0.3г Ionobond,1.18
2.37.3.16.,Применение 0.3г цемент БЕЛОКОР,0.01
2.37.3.17.,Применение 0.3г Цемион ,0.73
2.37.3.18.,Применение 0.3г ZIRCONOMER,6.13
2.37.3.19.,Применение 0.3г Кависил,0.09
2.37.3.20.,Применение 0.3г Ионофил плюс Ionofil Plus,2.34
2.37.3.21.,Применение 0.3г Cement Packing,1.44
2.37.3.22.,Применение 0.3г РЕСТАВРИН,2.12
2.37.3.23.,Применение 0.3г Glasiosite Caps,10.69
2.37.3.24.,Применение 0.3г,0.00
2.37.3.25.,Применение 0.3г,0.00
2.37.3.26.,Применение 0.3г,0.00
2.37.3.27.,Применение 0.3г,0.00
2.37.3.28.,Применение 0.3г,0.00
2.37.3.29.,Применение 0.3г,0.00
2.37.3.30.,Применение 0.3г,0.00
2.37.3.31.,Применение 0.3г,0.00
2.37.3.32.,Применение 0.3г,0.00
2.37.3.33.,Применение 0.3г,0.00
2.37.3.34.,Применение 0.3г,0.00
2.37.3.35.,Применение 0.3г,0.00
2.37.3.36.,Применение 0.3г,0.00
2.37.3.37.,Применение 0.3г,0.00
2.37.3.38.,Применение 0.3г,0.00
2.37.3.39.,Применение 0.3г,0.00
2.37.3.40.,Применение 0.3г,0.00
2.37.4.1.,Применение 0.2г Комполюкс,0.00
2.37.4.2.,Применение 0.2г Диамонд брайт,0.00
2.37.4.3.,Применение 0.2г Харизма,0.00
2.37.4.4.,Применение 0.2г Альфадент,0.00
2.37.4.5.,Применение 0.2г Фуджи Fuji,1.28
2.37.4.6.,Применение 0.2г Ионоджем,0.00
2.37.4.7.,Применение 0.2г Аквион,0.29
2.37.4.8.,Применение 0.2г Кетак-моляр,0.00
2.37.4.9.,Применение 0.2г СДР SDR,10.98
2.37.4.10.,Применение 0.2г Ionoseal Ионосил,8.38
2.37.4.11.,Применение 0.2г Кетак фил,0.00
2.37.4.12.,Применение 0.2г Полиакрилин,0.00
2.37.4.13.,Применение 0.2г Глассин рест (кидс),0.80
2.37.4.14.,Применение 0.2г Пермацем Permacem,6.99
2.37.4.15.,Применение 0.2г Ionobond,0.78
2.37.4.16.,Применение 0.2г цемент БЕЛОКОР,0.01
2.37.4.17.,Применение 0.2г Цемион ,0.49
2.37.4.18.,Применение 0.2г ZIRCONOMER,4.09
2.37.4.19.,Применение 0.2г Кависил,0.06
2.37.4.20.,Применение 0.2г Ионофил плюс Ionofil Plus,1.56
2.37.4.21.,Применение 0.2г Cement Packing,0.96
2.37.4.22.,Применение 0.2г РЕСТАВРИН,1.41
2.37.4.23.,Применение 0.2г Glasiosite Caps,7.13
2.37.4.24.,Применение 0.2г,0.00
2.37.4.25.,Применение 0.2г,0.00
2.37.4.26.,Применение 0.2г,0.00
2.37.4.27.,Применение 0.2г,0.00
2.37.4.28.,Применение 0.2г,0.00
2.37.4.29.,Применение 0.2г,0.00
2.37.4.30.,Применение 0.2г,0.00
2.37.4.31.,Применение 0.2г,0.00
2.37.4.32.,Применение 0.2г,0.00
2.37.4.33.,Применение 0.2г,0.00
2.37.4.34.,Применение 0.2г,0.00
2.37.4.35.,Применение 0.2г,0.00
2.37.4.36.,Применение 0.2г,0.00
2.37.4.37.,Применение 0.2г,0.00
2.37.4.38.,Применение 0.2г,0.00
2.37.4.39.,Применение 0.2г,0.00
2.37.4.40.,Применение 0.2г,0.00
2.37.5.1.,Применение 0.2г Гормонайз Harmonize Enamel,13.66
2.37.5.2.,Применение 0.2г Геркулайт Herculite,6.44
2.37.5.3.,Применение 0.2г Miris 2,11.88
2.37.5.4.,Применение 0.2г Тетрик,0.00
2.37.5.5.,Применение 0.2г Харизма Charisma Classic Syringe Refill,2.68
2.37.5.6.,Применение 0.2г Есентия Essentia ,0.80
2.37.5.7.,Применение 0.2г Харизма Charisma Smart Syr Refill,1.84
2.37.5.8.,Применение 0.2г Еверикс постериор everX posterior,7.23
2.37.5.9.,Применение 0.2г Эстелайт сигма,0.00
2.37.5.10.,Применение 0.2г Верса комп,0.00
2.37.5.11.,Применение 0.2г Спектрум Spectrum ,2.59
2.37.5.12.,Применение 0.2г Спектра Spectra,7.29
2.37.5.13.,Применение 0.2г G-Аениал,4.62
2.37.5.14.,Применение 0.2г Свистек,0.00
2.37.5.15.,Применение 0.2г Шелкрем,0.00
2.37.5.16.,Применение 0.2г Competence Flow Компетенс,2.03
2.37.5.17.,Применение 0.2г Эстет Esthet-X,15.85
2.37.5.18.,Применение 0.2г Квиксфилл,0.00
2.37.5.19.,Применение 0.2г Сферитек ceram.x spheretec one,7.52
2.37.5.20.,Применение 0.2г Estelite sigma Quick Эстелайт сигма квик,6.67
2.37.5.21.,Применение 0.2г Филтек Z550 Filtek Z550,0.00
2.37.5.22.,Применение 0.2г Филтек Z250 Filtek Z250,6.24
2.37.5.23.,Применение 0.2г Омнихрома Omnichroma,5.21
2.37.5.24.,Применение 0.2г Эстелайт Астерия Estelite Asteria,8.70
2.37.5.25.,Применение 0.2г Эстелайт палфик PALFIQUE ESTELITE PASTE,2.61
2.37.5.26.,Применение 0.2г Дайрект градиа Gradia Direct,3.57
2.37.5.27.,Применение 0.2г Витремер Vitremer Core,4.67
2.37.5.28.,Применение 0.2г Вертиз флоу,0.00
2.37.5.29.,Применение 0.2г Filtek Ultimate Flowable,9.65
2.37.5.30.,Применение 0.2г Филтек флоу Filtek Ultimate ,5.00
2.37.5.31.,Применение 0.2г Дайрект градиа флоу Gradia Direct Flo,5.92
2.37.5.32.,Применение 0.2г Компомер праймо флоу,0.00
2.37.5.33.,Применение 0.2г Сапфир флоу,0.00
2.37.5.34.,Применение 0.2г Верса комп флоу,0.00
2.37.5.35.,Применение 0.2г Эстелайт флоу,0.00
2.37.5.36.,Применение 0.2г Эс флоу EsFlow,3.32
2.37.5.37.,Применение 0.2г Витребонд,0.00
2.37.5.38.,Применение 0.2г Кордуал,0.00
2.37.5.39.,Применение 0.2г Фуджи плюс GC Fuji Plus,1.17
2.37.5.40.,Применение 0.2г Ионосит базалайнер Ionosit Baseliner,5.35
2.37.5.41.,Применение 0.2г SDR Plus Syrenge,11.69
2.37.5.42.,Применение 0.2г SDR Plus Bulk,11.73
2.37.5.43.,Применение 0.2г Филтек балк филл Filtek Bulk Fill Flowable,10.38
2.37.5.44.,Применение 0.2г Эском EsCom,4.18
2.37.5.45.,Применение 0.2г Flow-Color,6.38
2.37.5.46.,Применение 0.2г Estelite Posterior,5.19
2.37.5.47.,Применение 0.2г Sinergy,4.12
2.37.5.48.,Применение 0.2г Brilliant,0.00
2.37.5.49.,Применение 0.2г NX3 Light-Cure Syringe,17.48
2.37.5.50.,Применение 0.2г Flow-Art,3.28
2.37.5.51.,Применение 0.2г ESTELITE UNIVERSAL FLOW,8.80
2.37.5.52.,Применение 0.2г NEO Spectra ST Flow,7.00
2.37.5.53.,Применение 0.2г Beautifil Gingiva,11.13
2.37.5.54.,Применение 0.2г Beautifil Opaquer,7.34
2.37.5.55.,Применение 0.2г Calibra Ceram ,9.22
2.37.5.56.,Применение 0.2г Core it dual,2.29
2.37.5.57.,Применение 0.2г ДентЛайт флоу,1.35
2.37.5.58.,Применение 0.2г Temp it Flow (Dia Temp Flow),1.30
2.37.5.59.,Применение 0.2г DiaFil Flow ,3.23
2.37.5.60.,Применение 0.2г Beautifil Flow,7.28
2.37.5.61.,Применение 0.2г Estelite color,40.56
2.37.5.62.,Применение 0.2г Brilliant Flow,2.86
2.37.5.63.,Применение 0.2г G-Аениал flo,6.40
2.37.5.64.,Применение 0.2г Dyract XP,1.78
2.37.5.65.,Применение 0.2г Estelite Flow Quick,19.94
2.37.5.66.,Применение 0.2г Estelite Bulk Fill Flow,9.60
2.37.5.67.,Применение 0.2г OptiShade,5.71
2.37.5.68.,Применение 0.2г F2,2.09
2.37.5.69.,Применение 0.2г ProFil Flow,3.90
2.37.5.70.,Применение 0.2г,0.00
2.37.5.71.,Применение 0.2г,0.00
2.37.6.1.,Применение 0.1г Гормонайз Harmonize Enamel,6.83
2.37.6.2.,Применение 0.1г Геркулайт Herculite,3.22
2.37.6.3.,Применение 0.1г Miris 2,5.94
2.37.6.4.,Применение 0.1г Тетрик,0.00
2.37.6.5.,Применение 0.1г Харизма Charisma Classic Syringe Refill,1.34
2.37.6.6.,Применение 0.1г Есентия Essentia ,0.40
2.37.6.7.,Применение 0.1г Харизма Charisma Smart Syr Refill,0.92
2.37.6.8.,Применение 0.1г Еверикс постериор everX posterior,3.61
2.37.6.9.,Применение 0.1г Эстелайт сигма,0.00
2.37.6.10.,Применение 0.1г Верса комп,0.00
2.37.6.11.,Применение 0.1г Спектрум Spectrum ,1.30
2.37.6.12.,Применение 0.1г Спектра Spectra,3.65
2.37.6.13.,Применение 0.1г G-Аениал,2.31
2.37.6.14.,Применение 0.1г Свистек,0.00
2.37.6.15.,Применение 0.1г Шелкрем,0.00
2.37.6.16.,Применение 0.1г Competence Flow Компетенс,1.02
2.37.6.17.,Применение 0.1г Эстет Esthet-X,7.92
2.37.6.18.,Применение 0.1г Квиксфилл,0.00
2.37.6.19.,Применение 0.1г Сферитек ceram.x spheretec one,3.76
2.37.6.20.,Применение 0.1г Estelite sigma Quick Эстелайт сигма квик,3.34
2.37.6.21.,Применение 0.1г Филтек Z550 Filtek Z550,0.00
2.37.6.22.,Применение 0.1г Филтек Z250 Filtek Z250,3.12
2.37.6.23.,Применение 0.1г Омнихрома Omnichroma,2.60
2.37.6.24.,Применение 0.1г Эстелайт Астерия Estelite Asteria,4.35
2.37.6.25.,Применение 0.1г Эстелайт палфик PALFIQUE ESTELITE PASTE,1.30
2.37.6.26.,Применение 0.1г Дайрект градиа Gradia Direct,1.78
2.37.6.27.,Применение 0.1г Витремер Vitremer Core,2.33
2.37.6.28.,Применение 0.1г Вертиз флоу,0.00
2.37.6.29.,Применение 0.1г Filtek Ultimate Flowable,4.82
2.37.6.30.,Применение 0.1г Филтек флоу Filtek Ultimate ,2.50
2.37.6.31.,Применение 0.1г Дайрект градиа флоу Gradia Direct Flo,2.96
2.37.6.32.,Применение 0.1г Компомер праймо флоу,0.00
2.37.6.33.,Применение 0.1г Сапфир флоу,0.00
2.37.6.34.,Применение 0.1г Верса комп флоу,0.00
2.37.6.35.,Применение 0.1г Эстелайт флоу,0.00
2.37.6.36.,Применение 0.1г Эс флоу EsFlow,1.66
2.37.6.37.,Применение 0.1г Витребонд,0.00
2.37.6.38.,Применение 0.1г Кордуал,0.00
2.37.6.39.,Применение 0.1г Фуджи плюс GC Fuji Plus,0.59
2.37.6.40.,Применение 0.1г Ионосит базалайнер Ionosit Baseliner,2.67
2.37.6.41.,Применение 0.1г SDR Plus Syrenge,5.85
2.37.6.42.,Применение 0.1г SDR Plus Bulk,5.87
2.37.6.43.,Применение 0.1г Филтек балк филл Filtek Bulk Fill Flowable,5.19
2.37.6.44.,Применение 0.1г Эском EsCom,2.09
2.37.6.45.,Применение 0.1г Flow-Color,3.19
2.37.6.46.,Применение 0.1г Estelite Posterior,2.59
2.37.6.47.,Применение 0.1г Sinergy,2.06
2.37.6.48.,Применение 0.1г Brilliant,0.00
2.37.6.49.,Применение 0.1г NX3 Light-Cure Syringe,8.74
2.37.6.50.,Применение 0.1г Flow-Art,1.64
2.37.6.51.,Применение 0.1г ESTELITE UNIVERSAL FLOW,4.40
2.37.6.52.,Применение 0.1г NEO Spectra ST Flow,3.50
2.37.6.53.,Применение 0.1г Beautifil Gingiva,5.56
2.37.6.54.,Применение 0.1г Beautifil Opaquer,3.67
2.37.6.55.,Применение 0.1г Calibra Ceram ,4.61
2.37.6.56.,Применение 0.1г Core it dual,1.14
2.37.6.57.,Применение 0.1г ДентЛайт флоу,0.68
2.37.6.58.,Применение 0.1г Temp it Flow (Dia Temp Flow),0.65
2.37.6.59.,Применение 0.1г DiaFil Flow ,1.62
2.37.6.60.,Применение 0.1г Beautifil Flow,3.64
2.37.6.61.,Применение 0.1г Estelite color,20.28
2.37.6.62.,Применение 0.1г Brilliant Flow,1.43
2.37.6.63.,Применение 0.1г G-Аениал flo,3.20
2.37.6.64.,Применение 0.1г Dyract XP,0.89
2.37.6.65.,Применение 0.1г Estelite Flow Quick,9.97
2.37.6.66.,Применение 0.1г Estelite Bulk Fill Flow,4.80
2.37.6.67.,Применение 0.1г OptiShade,2.86
2.37.6.68.,Применение 0.1г F2,1.04
2.37.6.69.,Применение 0.1г ProFil Flow,1.95
2.37.6.70.,Применение 0.1г,0.00
2.37.6.71.,Применение 0.1г,0.00
3.,Стоматология хирургическая (амбулаторно-хирургическое лечение),
3.1.,общие хирургические мероприятия:,
3.1.1.,подготовка пациента к операции,13.49
3.1.2.,проведение послеоперационных мероприятий,14.67
3.1.3.,перевязка пациента после операции,19.29
3.1.4.,смена межчелюстной резиновой тяги,36.84
3.1.5.,наложение или снятие одной шины,19.92
3.1.6.,наложение одного шва,4.27
3.1.7.,снятие одного шва,2.05
3.1.8.,остановка кровотечения в операционной ране; лунке,16.00
3.1.9.,обработка коронки и (или) корня одного зуба в костной ране во время проведения лоскутных операций,34.74
3.1.10.,изготовление и введение препаратов; изготовленных из аутокрови в области одной челюсти,40.86
3.1.11.,применение остеокондуктивного препарата и (или) барьерной мембраны,28.53
3.1.12.,фиксация одной барьерной мембраны или одного трансплантата,65.05
3.1.13.,внутрикостная фиксация одного хирургического шаблона,30.95
3.1.14.,использование лазера при проведении хирургических вмешательств (дополнительно к объему выполненной работы ),2.10
3.1.15.,использование пьезохирургического аппарата при проведении хирургических вмешательств (дополнительно к объему выполненной работы),2.10
3.1.16.,использование аппарата радиоволновой хирургии или диатермокоагулятора (дополнительно к объему выполненной работы),2.10
3.1.17.,ретроградная пломбировка одного корневого канала при проведении зубосохраняющих операций,46.52
3.1.18.,лечение альвеолита одной лунки зуба,16.08
3.1.19.,введение препаратов (биомедицинских клеточных продуктов)...в области одного зуба,326.71
3.2.,оперативные вмешательства на челюстях:,
3.2.1.,операция удаления одного однокорневого зуба щипцами,18.97
3.2.2.,операция удаления одного однокорневого зуба щипцами и элеватором,28.39
3.2.3.,операция удаления одного многокорневого зуба щипцами,19.11
3.2.4.,операция удаления одного многокорневого зуба щипцами и элеватором,38.73
3.2.5.,операция удаления многокорневого зуба методом выпиливания и разделения на фрагменты с выкраиванием слизисто-надкостничного лоскута,122.12
3.2.6.,операция удаления многокорневого зуба методом выпиливания и разделения на фрагменты с выкраиванием слизисто-надкостничного лоскута,150.37
3.2.7.,операция удаления зуба при нарушении прорезывания...сверхкомплектных зубов,143.00
3.2.8.,операция компактостеотомии,86.21
3.2.9.,операция резекции верхушки корня однокорневого зуба,125.39
3.2.10.,операция ампутации корня многокорневого зуба,124.49
3.2.11.,операция коронаро-радикулярной сепарации многокорневого зуба,85.45
3.2.12.,операция гемисекции многокорневого зуба,115.76
3.2.13.,операция реплантации зуба,267.84
3.2.14.,аутотрансплантация зуба,283.47
3.2.15.,удаление одного экзостоза...в области одного зуба (в том числе при дентальной имплантации),79.38
3.2.16.,внутрикостная дентальная имплантация одного имплантата,80.12
3.2.17.,установка одного ФДМ или одного абатмента (мультикомпонентного или временного),37.95
3.2.18.,увеличение альвеолярной кости челюсти с использованием одного аутокостного трансплантата,372.71
3.2.19.,увеличение альвеолярной кости челюсти с использованием одного аллогенного костного трансплантата,180.34
3.2.20.,поднятие дна одной верхнечелюстной пазухи (закрытый или открытый синус-лифтинг) или дна грушевидного отверстия,115.31
3.2.21.,удаление одного внутрикостного имплантата,107.95
3.2.22.,введение ортодонтического временного имплантата,111.55
3.2.23.,извлечение ортодонтического временного имплантата,19.11
3.2.24.,операция цистэктомии в области одного однокорневого зуба,108.45
3.2.25.,операция цистэктомии в области одного многокорневого зуба,146.12
3.2.26.,операция цистэктомии с удалением зуба,124.47
3.2.27.,операция цистотомии при корневой кисте (апикальной; остаточной; парадентальной),115.06
3.2.28.,секвестрэктомия при хроническом ограниченном одонтогенном остеомиелите,59.15
3.2.29.,латеризация и (или) декомпрессия нижнеальвеолярного нерва,187.54
3.3.,оперативные вмешательства на мягкотканных структурах полости рта и губ:,
3.3.1.,удаление избытков слизистой оболочки (до 5 см) или рубцов слизистой оболочки,56.78
3.3.2.,френулопластика языка или губы,50.83
3.3.3.,вестибулопластика в области одного сегмента челюсти,85.03
3.3.4.,углубление преддверия полости рта (открытая методика),85.03
3.3.5.,пластическая операция на прикрепленной десне с помощью свободного мягкотканного трансплантата или местными тканями в области одного зуба или дентального имплантата,94.45
3.3.6.,удаление доброкачественных и предраковых образований с закрытием дефекта местными тканями,59.30
3.3.7.,удаление эпулиса альвеолярного отростка челюсти без замещения дефекта,42.57
3.3.8.,удаление эпулиса альвеолярного отростка челюсти с замещением дефекта,71.40
3.3.9.,цистотомия при мукоцеле слюнной железы,56.78
3.3.10.,первичная хирургическая обработка гнойного очага при воспалительных болезнях челюстей и абсцессах области рта,19.11
3.3.11.,перикоронотомия (перикоронэктомия),28.53
3.3.12.,удаление инородного тела мягких тканей при поверхностной локализации,28.53
3.3.13.,удаление слюнного конкремента из дистального отдела выводного протока поднижнечелюстной железы,56.78
3.3.14.,первичная хирургическая обработка раны без дефекта тканей,56.78
3.3.15.,первичная хирургическая обработка раны с дефектом тканей,78.31
3.3.16.,пластическое устранение перфорации или свища верхнечелюстной пазухи,68.78
3.4.,применение материала; инструмента; изделия; средства медицинского назначения в соответствии с методом оказания медицинской помощи при проведении стоматологического хирургического (амбулаторно- хирургического) лечения,
4.,Стоматология ортопедическая (клиническая часть ортопедического стоматологического лечения),
4.1.,общие ортопедические мероприятия:,
4.1.1.,определение центральной окклюзии с использованием восковых валиков,46.17
4.1.2.,определение фиксированного прикуса,12.42
4.1.3.,клиническая параллелометрия,14.24
4.1.4.,изготовление культевой штифтовой вкладки; коррекция восковой модели коронковой части одного зуба,29.84
4.1.5.,гипсовка моделей в среднеанатомический полурегулируемый артикулятор,8.71
4.1.6.,гипсовка моделей в регулируемый артикулятор; загипсовка модели верхней челюсти в артикулятор с использованием лицевой дуги; аппаратов анализаторов положения верхней челюсти,13.07
4.1.7.,определение углов для настройки полностью регулируемого артикулятора,68.98
4.1.8.,определение положения верхней челюсти с помощью лицевой дуги; аппаратов анализаторов положения верхней челюсти,58.40
4.1.9.,замена втулки замкового крепления,44.05
4.1.10.,определение положения нижней челюсти по готическому углу с использованием гнатометра,144.02
4.1.11.,снятие одной штампованной; пластмассовой коронки,5.51
4.1.12.,снятие одной цельнолитой; металлокерамической; металлоакриловой; безметалловой коронки,12.31
4.2.,несъемное протезирование:,
4.2.1.,временная фиксация одной коронки,5.88
4.2.2.,временная фиксация последующей коронки в протезе,1.42
4.2.3.,постоянная фиксация одной коронки; винира; реставрационной вкладки; культевой штифтовой вкладки,6.70
4.2.4.,постоянная фиксация одной последующей коронки в протезе; реставрационной вкладки,1.56
4.2.5.,фиксация и финишная обработка цельнокерамических ортопедических конструкций (реставраций) с применением адгезивного протокола фиксации на одну единицу,195.67
4.2.6.,реставрация скола керамической массы,91.54
4.2.7.,препарирование одного зуба; корня под культевую штифтовую вкладку,31.81
4.2.8.,моделирование вкладки культевой штифтовой,42.73
4.2.9.,препарирование одного зуба под вкладку из композиционного (композитного); керамического материала,14.90
4.2.10.,припасовка вкладки штифтовой культевой,32.96
4.2.11.,припасовка вкладки из композиционного (композитного); керамического материала,17.63
4.2.12.,препарирование одного зуба под коронку штампованную; пластмассовую,12.50
4.2.13.,препарирование одного зуба под коронку цельнолитую; металлокерамическую; металлокомпозитную; безметалловую; винир,13.96
4.2.14.,припасовка одной коронки штампованной; пластмассовой,4.64
4.2.15.,припасовка каркаса одной коронки цельнолитой; металлокерамической; металлокомпозитной,27.74
4.2.16.,припасовка каркаса одной коронки безметалловой; винира; вкладки,36.45
4.2.17.,припасовка одной коронки металлокерамической; металлокомпозитной; безметалловой; винира; вкладки,19.19
4.2.18.,припасовка каркаса мостовидного протеза пластмассового; штампованно-паяного; цельнолитого; металлокерамического; металлокомпозитного; адгезионного; безметаллового из расчета на одну единицу,16.18
4.2.19.,сдача несъемной конструкции протеза из расчета на одну единицу,9.05
4.2.20.,коррекция окклюзионных взаимоотношений несъемной конструкции протеза из расчета на одну единицу,105.15
4.2.21.,изготовление вкладки композиционной (композитной),96.78
4.2.22.,восстановление культи зуба СИЦ с использованием стандартного металлического штифта (штифтов),158.12
4.2.23.,восстановление культи зуба композиционным (композитным) материалом с использованием стандартного металлического штифта (штифтов),139.29
4.2.24.,восстановление культи зуба композиционным (композитным) материалом с использованием стекловолоконного штифта (штифтов),139.29
4.3.,съемное протезирование:,
4.3.1.,коррекция съемного протеза,11.43
4.3.2.,перебазировка съемного протеза; изготовление мягкой прокладки,87.10
4.3.3.,оттиск функциональный,12.68
4.3.4.,припасовка индивидуальной ложки,25.66
4.3.5.,проверка конструкции съемного протеза,52.22
4.3.6.,проверка каркаса бюгельного протеза,45.58
4.3.7.,сдача съемного протеза,45.60
4.3.8.,оттиск функциональный с объемным моделированием краев,97.95
4.4.,протезирование на имплантатах:,
4.4.1.,оттиск при протезировании на имплантатах,16.86
4.4.2.,изготовление трансфер-чека на имплантате из расчета на одну единицу,24.62
4.4.3.,соединение элементов несъемной конструкции протеза на имплантатах из расчета на одну единицу с использованием винтов,57.14
4.4.4.,припасовка конструкции протеза (каркаса; коронки; абатмента) с опорой на дентальные имплантаты из расчета на одну единицу,22.44
4.4.5.,сдача конструкции протеза на имплантатах из расчета на одну единицу,103.41
4.4.6.,фиксация несъемной конструкции протеза из расчета на одну коронку с использованием винтов,91.42
4.4.7.,установка; извлечение ФДМ или одного абатмента (мультикомпонентного или временного),10.51
4.4.8.,установка оттискного трансфера,28.88
4.4.9.,закрытие отверстия для винта временным пломбировочным материалом,8.85
4.4.10.,закрытие отверстия для винта в коронке пломбировочным материалом,121.85
4.4.11.,установка замкового крепления для фиксации имплантата к съемному протезу из расчета на одну единицу,82.77
4.4.12.,формирование индивидуального контура десны (за одно посещение),117.34
4.4.13.,изготовление временной пластмассовой коронки на имплантате винтовой фиксации,304.90
4.4.14.,раскрытие винтовой шахты и извлечение винта из коронки на имплантате,29.55
4.4.15.,очистка и полировка протеза,98.40
4.5.,протезирование временными конструкциями протезов:,
4.5.1.,одна временная коронка,35.19
4.5.2.,один временный зуб,40.85
4.5.3.,перебазировка одной пластмассовой коронки; исправление фасетки пластмассовой,45.95
4.6.,протезирование с использованием цифровых технологий:,
4.6.1.,компьютерное моделирование каркаса или коронки; в том числе на имплантате; полукоронки; вкладки; винира; балки протеза на имплантатах из расчета на одну единицу; иных ортопедических конструкций и изделий; цифровой расчет боковых движений для однеой единицы коронки; вкладки; накладки; реставрации,30.20
4.6.2.,индивидуализация реставрации зуба (ортопедической конструкции),110.53
4.6.3.,синтеризация (кристаллизация) одной единицы каркаса; одной вкладки из лития дисиликата,19.50
4.6.4.,фрезерование каркаса или коронки; в том числе на имплантате; полукоронки; вкладки; винира; балки протеза на имплантатах; титанового абатмента; иных ортопедических конструкций и изделий из расчета на одну единицу применяемого материала,184.11
4.6.5.,подготовка модели к сканированию и сканирование моделей зубных рядов (из расчета за одну единицу),176.17
4.7.,ортопедическое лечение при изменениях в височно-нижнечелюстных суставах (далее – ВНЧС); с использованием капп:,
4.7.1.,избирательное пришлифовывание бугров зубов на одной челюсти,372.46
4.7.2.,нормализация окклюзионных взаимоотношений зубных рядов с использованием искусственного пластмассового протеза; каппы; каппы-протеза,199.68
4.7.3.,припасовка и фиксация капп для лечения апноэ; болезней ВНЧС; бруксизма,259.77
4.7.4.,починка каппы ,254.17
4.7.5.,функциональный анализ ВНЧС,234.21
4.7.6.,регистрация и оценка движений нижней челюсти (аксиография),178.92
4.7.7.,цифровая регистрация окклюзии с последующим компьютерным анализом,56.74
4.7.8.,работа с виртуальным артикулятором,18.83
4.7.9.,получение межокклюзионного регистрата на восковой пластине,68.77
4.7.10.,изготовление боксерской шины,118.70
4.8.,применение материала; инструмента; изделия; средства медицинского назначения в соответствии с методом оказания медицинской помощи при проведении стоматологического ортопедического лечения,
4.8.1.1.,применение диска для фрезер PMMA BLOCK 98х20,3.96
4.8.1.2.,применение диска для фрезер PMMA BLOCK 98х16,3.25
4.8.1.3.,применение диска для фрезер PMMA BLOCK 98х12,3.00
4.8.1.4.,применение диска для фрезер Noritake KATANA Zirkonia,23.98
4.8.1.5.,применение диска для фрезер Noritake KATANA Zirkonia,0.00
4.8.1.6.,применение диска для фрезер ДИОКСИД ЦИРКОНИЯ ZIRKING 98х20,25.85
4.8.1.7.,применение диска для фрезер ДИОКСИД ЦИРКОНИЯ ZIRKING 98х18,24.20
4.8.1.8.,применение диска для фрезер ДИОКСИД ЦИРКОНИЯ ZIRKING 98х12,16.85
4.8.1.9.,применение диска для фрезер ДИОКСИД ЦИРКОНИЯ ZIRKING 98х10 AT,20.40
4.8.1.10.,применение диска для фрезе ДИОКСИД ЦИРКОНИЯ ZIRKING 98х10 HT,25.14
4.8.1.11.,применение диска для фрезе CERCON 98 18,27.67
4.8.1.12.,применение диска для фрезе IPS Empress CAD CEREC/inLab c14,11.25
4.8.1.13.,применение диска для фрезе IPS e.max CAD CEREC/inLab c14,9.36
4.8.2.1.,применение блока для фрезер KATANA,89.52
4.8.2.2.,применение блока для фрезерования из различных материалов,4798.64
4.8.2.3.,применение блока для фрезерования из различных материалов,4533.45
4.8.2.4.,применение блока для фрезерования из различных материалов,3854.47
4.8.2.5.,применение блока для фрезерования из различных материалов,8160.31
4.8.2.6.,применение блока для фрезерования из различных материалов,9083.38
4.8.2.7.,применение блока для фрезерования из различных материалов,3413.72
4.8.2.8.,применение блока для фрезерования из различных материалов,4403.48
4.8.2.9.,применение блока для фрезерования из различных материалов,4241.62
4.8.2.10.,применение блока для фрезерования из различных материалов,0.00
4.8.2.11.,применение блока для фрезерования из различных материалов,0.00
4.8.2.1.,применение оттискного трансфера MEGAGEN,165.76
4.8.2.2.,применение оттискного трансфера RB Швейцария,117.06
4.8.2.3.,применение оттискного трансфера EXACT,77.44
4.8.2.4.,применение оттискного трансфера STRAUMANN,165.76
4.8.2.5.,применение оттискного трансфера колпачок слепочный MEG-RHEIN; TS Osstem,14.31
4.8.2.6.,применение оттискного трансфера - слепочный модуль,103.99
4.8.3.1.,применение 0.5г Мерон,1.33
4.8.3.2.,применение 0.5г Implantlink semi classic,14.55
4.8.3.3.,применение 0.5г Фермин,0.24
4.8.3.4.,применение 0.5г СХ-плюс,5.54
4.8.3.5.,применение 0.5г Кетак-цем,3.32
4.8.3.6.,применение 0.5г Витиг Vitique Resin Cement,25.66
4.8.3.7.,применение 0.5г Фуджи,3.51
4.8.3.8.,применение 0.5г Фуджи плюс Fuji Pius,2.93
4.8.3.9.,применение 0.5г RelyX Реликс,30.09
4.8.3.10.,применение 0.5 г Провикол Provicol,0.73
4.8.3.11.,применение 0.5 г Вариолинк,12.13
4.8.3.12.,применение 0.5 г Монобонд,67.76
4.8.3.13.,применение 0.5 г Es Temp,3.11
4.8.3.14.,применение 0.5 г Es Сem,10.25
4.8.3.15.,применение 0.5 г Уницем,0.05
4.8.3.16.,применение 0.5 г Tempocem TempoSIL,5.96
4.8.3.17.,применение 0.5 г Crown set,7.10
4.8.3.18.,применение 0.5 г Ctm-Implant Automix,11.18
4.8.3.19.,применение 0.5 г Maxcem Ellite,22.06
4.8.3.20.,применение 0.5 г Top Cem,7.85
4.9.4.1.,применение 0.4 г Мерон,1.07
4.9.4.2.,применение 0.4 г Implantlink semi classic,11.64
4.9.4.3.,применение 0.4 г Фермин,0.20
4.9.4.4.,применение 0.4 г СХ-плюс Glasionomer Cement CX-Plus ,4.43
4.9.4.5.,применение 0.4 г Кетак-цем Ketac Cem Radiopaque,2.65
4.9.4.6.,применение 0.4 г Витиг Vitique Resin Cement,20.53
4.9.4.7.,применение 0.4 г Фуджи Fuji,2.81
4.9.4.8.,применение 0.4 г Фуджи плюс Fuji Pius,2.35
4.9.4.9.,применение 0.4 г RelyX Реликс,24.07
4.9.4.10.,применение 0.г Провикол Provicol,0.58
4.9.4.11.,применение 0.г Вариолинк Variolink,9.71
4.9.4.12.,применение 0.г Монобонд Monobond,54.21
4.9.4.13.,применение 0.г Es Temp,2.49
4.9.4.14.,применение 0.г Es Сem,8.20
4.9.4.15.,применение 0.г Уницем,0.04
4.9.4.16.,применение 0.г Tempocem TempoSIL,4.77
4.9.4.17.,применение 0.г Crown set,5.68
4.9.4.18.,применение 0.г Ctm-Implant Automix,8.94
4.9.4.19.,применение 0.г Maxcem Ellite,17.65
4.9.4.20.,применение 0.г Top Cem,6.28
5.,Стоматология ортодонтическая (клиническая часть ортодонтического стоматологического лечения),
5.1.,общие ортодонтические мероприятия:,
5.1.1.,определение конструктивной окклюзии,164.91
5.1.2.,обучение технике проведения миотерапии (массажа) челюстно-лицевой области,15.21
5.1.3.,контроль выполнения миотерапии (массажа)  челюстно-лицевой области,14.71
5.1.4.,измерение диагностических моделей одного зубного ряда,56.65
5.1.5.,измерение угловых и линейных размеров боковой или передней телерентгенограммы,52.23
5.1.6.,антропометрия лица,39.27
5.1.7.,фотографирование лица; зубных рядов; зубов (первичное),75.91
5.1.8.,фотографирование лица; зубных рядов; зубов (повторное),38.25
5.1.9.,проведение исследования верхних дыхательных путей по данным конусно-лучевой компьютерной диагностики,18.83
5.1.10.,анализ 3D-фото лица по данным конусно-лучевой компьютерной диагностики,18.83
5.2.,съемные и несъемные ортодонтические протезы:,
5.2.1.,гравировка гипсовых моделей для изготовления двухчелюстных аппаратов,2.98
5.2.2.,снятие одной ортодонтической коронки (кольца),120.98
5.2.3.,припасовка и сдача одной ортодонтической коронки (кольца),22.11
5.2.4.,припасовка индивидуальной ложки,61.61
5.2.5.,сдача съемного протеза,77.04
5.3.,съемные ортодонтические аппараты:,
5.3.1.,перебазировка съемного ортодонтического аппарата самотвердеющей пластмассой,98.43
5.3.2.,изготовление; примерка и фиксация индивидуальной  (стандартной) подбородочной пращи с головной (шейной) фиксацией из стандартных элементов,59.65
5.3.3.,примерка и установка стандартной лицевой дуги (лицевой маски) с головной (шейной) фиксацией,32.39
5.3.4.,припасовка и сдача индивидуального одночелюстного ортодонтического аппарата (в том числе с винтом),37.79
5.3.5.,припасовка и сдача индивидуально изготовленного одночелюстного вестибулярного (вестибулоорального) ортодонтического аппарата,41.15
5.3.6.,припасовка и сдача индивидуально изготовленного двухчелюстного функционального или двухчелюстного вестибулярного (вестибулоорального) ортодонтического аппарата,67.13
5.3.7.,припасовка и сдача стандартного двухчелюстного функционального ортодонтического аппарата (в том числе вестибулоорального),37.99
5.3.8.,припасовка и сдача индивидуально изготовленного съемного одночелюстного ретенционного аппарата,38.36
5.3.9.,припасовка и сдача индивидуально изготовленного съемного двухчелюстного ретенционного аппарата,47.09
5.3.10.,припасовка и сдача ортодонтического аппарата после починки,44.93
5.3.11.,клиническая коррекция одночелюстного или двухчелюстного ортодонтического аппарата,49.09
5.3.12.,активация и коррекция одного дополнительного элемента в одночелюстном ортодонтическом аппарате (пружина; изгиб; петля и другие элементы),8.12
5.3.13.,примерка и сдача аппарата с обтурирующими элементами,59.21
5.3.14.,планирование ортодонтического лечения с помощью съемных капп (элайнеров),397.10
5.3.15.,установка элайнеров,56.74
5.3.16.,активация при ношении элайнеров,99.96
5.3.17.,снятие несъемных элементов с поверхности зуба при использовании элайнеров,167.29
5.4.,несъемные ортодонтические аппараты:,
5.4.1.,апроксимальное сошлифовывание одного временного или постоянного зуба,70.75
5.4.2.,наложение эластических сепарационных лигатур,8.94
5.4.3.,установка разобщающей накладки на один зуб прямым способом,117.70
5.4.4.,припасовка и сдача аппарата Нансе; лингвальной дуги или транспалатинальных элементов,38.01
5.4.5.,припасовка и сдача аппарата для дистализации моляров,67.99
5.4.6.,припасовка и сдача несъемных аппаратов для расширения верхней челюсти (Марко-Роса; McNamara; Haas; Hyrax; Дерихсвайлера),56.82
5.4.7.,активация механических элементов несъемного ортодонтического аппарата,24.64
5.4.8.,активация транспалатинальных элементов несъемного ортодонтического аппарата,11.38
5.4.9.,активация элементов ортодонтического аппарата к ортодонтическому имплантату,19.32
5.4.10.,припасовка и фиксация несъемного функционального аппарата (корректор класса II),81.25
5.4.11.,припасовка и наложение стандартного губного бампера,19.57
5.4.12.,прямое позиционирование одного элемента брекет- системы,15.19
5.4.13.,непрямое позиционирование одного элемента брекет- системы,54.78
5.4.14.,фиксация одного элемента брекет-системы адгезионным материалом прямым методом,36.04
5.4.15.,повторная фиксация одного элемента брекет-системы адгезионным материалом,51.11
5.4.16.,лигирование одного брекета самогигирующей брекет- системы,9.78
5.4.17.,фиксация ортодонтического замка методом прямого позиционирования,22.12
5.4.18.,фиксация одного элемента брекет-системы непрямым методом,45.49
5.4.19.,фиксация одной кнопки или стандартного накусочного элемента,28.94
5.4.20.,установка металлической (проволочной) лигатуры на один элемент брекет-системы,9.39
5.4.21.,установка эластической лигатуры на один элемент брекет-системы,6.30
5.4.22.,установка открывающей (закрывающей) пружины,15.70
5.4.23.,наложение межчелюстной эластической тяги,25.91
5.4.24.,наложение кросс-тяги,3.97
5.4.25.,наложение эластичного модуля,33.44
5.4.26.,установка одной проволочной дуги,24.25
5.4.27.,коррекция проволочной дуги,13.10
5.4.28.,изгибание одной петли на дуге 1; 2; 3-го порядка,34.34
5.4.29.,преформирование ортодонтической дуги,28.31
5.4.30.,изгибание проволочной дуги (Bendback),11.71
5.4.31.,активация одной петли (изгиба) на проволочной дуге,12.63
5.4.32.,установка дополнительной ортодонтической дуги,63.85
5.4.33.,установка проволочного кантилевера,28.31
5.4.34.,установка зажимного стопора (стопора с крючком) на проволочной дуге,19.18
5.4.35.,снятие проволочной дуги,8.61
5.4.36.,снятие одного элемента брекет-системы,90.96
5.4.37.,фиксация защитного воска на одном элементе брекет- системы,5.91
5.4.38.,припасовка и фиксация стандартного несъемного ретейнера к одному зубу,92.16
5.4.39.,фиксация ротационной подушечки,7.53
5.4.40.,снятие ротационной подушечки,7.53
5.4.41.,профессиональная гигиена полости рта с брекетами (кольца; замки; дуги) в расчете на один зуб,6.12
5.4.42.,наложение одного звена эластической цепочки,5.65
5.5.,применение материала; инструмента; изделия; средства медицинского назначения в соответствии с методом оказания медицинской помощи,
5.5.1.,применение трейнера миобрейс,191.81
5.5.2.,применение трейнера  LM-Activator,51.38
5.5.3.,применение трейнера  LM-Trainer Small,139.36
7.,Рентгенологическая диагностика (стоматологическая),
7.1.,дентальная рентгенограмма (пленочная):,
7.1.1.,врач-рентгенолог,0.78
7.1.2.,рентгенолаборант,3.06
7.2.,дентальная рентгенограмма (цифровая; радиовизиография):,
7.2.1.,врач-рентгенолог,0.68
7.2.2.,рентгенолаборант ,3.07
7.3.,панорамная рентгенография (ортопантомография) (пленочная):,
7.3.1.,врач-рентгенолог,1.12
7.3.2.,рентгенолаборант,4.76
7.4.,панорамная рентгенография (ортопантомография) (цифровая); КЛКТ в виде 2D-исследования:,
7.4.1.,врач-рентгенолог,1.18
7.4.2.,рентгенолаборант ,4.30
7.5.,зонография ВНЧС при закрытом и открытом рте:,
7.5.1.,врач-рентгенолог,1.18
7.5.2.,рентгенолаборант ,12.60
7.6.,телерентгенография (цифровая); в том числе снимок кисти:,
7.6.1.,врач-рентгенолог,1.23
7.6.2.,рентгенолаборант ,5.59
7.7.,3D-исследование не зависимо от способа получения и области обследования; КЛКТ:,
7.7.1.,в виде 3D-исследования,
7.7.1.1.,врач-рентгенолог,1.18
7.7.1.2.,рентгенолаборант ,16.08
7.7.2.,3D-исследование ВНЧС при закрытом и открытом рте из расчета на один снимок,
7.7.2.1.,врач-рентгенолог,1.18
7.7.2.2.,рентгенолаборант ,23.58
7.10.,вывод и передача результата рентген-исследования:,
7.10.1.,на бумажном носителе,
7.10.1.1.,врач-рентгенолог,0.91
7.10.1.2.,рентгенолаборант ,3.11
7.10.2.,в электронном формате,
7.10.2.1.,врач-рентгенолог,1.87
7.10.2.2.,рентгенолаборант ,7.87
7.11.,применение материала; инструмента; изделия; средства медицинского назначения в соответствии с методом оказания медицинской помощи при проведении рентгенологической диагностики,
9.,Технические работы,
1.,Временные коронки,
1.2.,Коронка временная CAD/CAM,48.00
1.3.,Коронка временная CAD/CAM на имплантате,99.00
2.,Металлокерамические и цельнолитые протезы,
2.1.,Коронка литая,80.00
2.2.,Коронка металлокерамическая,112.00
2.4.,Металлокерамическая коронка на имплантате,224.00
2.5.,Металлокерамическая коронка на имплантате на винтовой фиксации,240.00
3.,Индивидуальные абатменты и титановые основания,
26 307,Индивидуальный абатмент циркониевый на титановой основе без учета стоимости титанового основания от модели,69.69
26 308,Индивидуальный абатмент циркониевый Multilayer на титановой основе без учета стоимости титанового основания от модели,94.58
28 302,Индивидуальный абатмент титановый Megagen от модели,194.85
28 303,Индивидуальный абатмент титановый DIO от модели,206.85
28 304,Индивидуальный абатмент титановый Osstem от модели,196.59
28 305,Индивидуальный абатмент титановый AlphaBio от модели,187.65
28 306,Индивидуальный абатмент титановый Starumann от модели,442.12
28 307,Индивидуальный абатмент титановый Bredent от модели,243.98
28 308,Индивидуальный абатмент титановый ROOT от модели,199.39
28 309,Индивидуальный абатмент титановый Neodent от модели,313.83
29 302,Индивидуальный абатмент титановый ARUM,138.08
3.1.,Вклейка титанового основания Megagen,140.52
3.2.,Вклейка титанового основания Osstem,165.30
3.3.1.,Вклейка титанового основания MIS С1,212.04
3.3.2.,Вклейка титанового основания MIS Seven,192.15
3.4.,Вклейка титанового основания Alpha-bio,108.92
3.5.,Вклейка титанового основания Straumann,325.91
3.6.,Вклейка титанового основания Neodent,169.67
4.,Пресскерамика e.max,
4.1.,Коронка. винир. вкладка Overlay e.Max с облицовкой керамической массой,320.00
4.3.,Коронка полноанатомическая e.Max,288.00
4.6.,Коронка e.Max с нанесением керамической массы на имплантате,550.00
4.7.,Коронка (зуб) полноанатомическая из e-max с индивид-ым раскрашиванием на имплантате,384.00
5.,Диоксид циркония,
5.1.,Коронка из диоксида циркония с керамической облицовкой,300.00
5.2.,Цельноцирконьевая (полноанатомическая) коронка (зуб. вкладка) на своём зубе из прозрачного циркония,256.00
5.4.,Коронка из диоксида циркония на имплантате с керамической облицовкой,368.00
5.7.,Цельноцирконьевая. полноанатомическая коронка (зуб). из прозрачного циркония на имплантате,336.00
5.9.,Коронка (зуб. накладка. вкладка) из диокисда циркония в полную анатомию под расскраску от интроорального сканирования,208.00
5.10.,Коронка из диоксида циркония в полную анатомию под расскраску  на имплантате (без учета стоимости титанового основания) от интроорального сканирования,224.00
6.,Съемные протезы,
6.1.,Микропротез (бабочка),130.00
6.2.,Съемный микропротез (бабочка) из ацеталла,190.00
6.3.,Съемный микропротез (бабочка) из нейлона,230.00
6.4.,Частичный съемный протез,325.00
6.5.,Съемный частичный протез из ацеталла или нейлона,480.00
6.6.,Полный съемный протез из нейлона,544.00
6.7.,Полный съемный протез (без армирования),384.00
6.8.,Полный съемный протез с армированием (сеткой),480.00
6.9.,Полный съемный протез с армированием (индивидуальное литое),640.00
6.10.,Полный съемный протез на телескопической системе крепления + стоимость телескопов,640.00
6.11.1.,Телескоп для протезов за ед. методом литья,96.00
6.12.1.,Бюгельный протез с кламерами,544.00
6.12.2.,Бюгельный протез с термопластичными кламерами,608.00
6.12.3.,Бюгельный протез шинирующий,704.00
6.13.,Бюгельный протез с замками (аттачменами) (включена стоимость 2-ух замков),870.00
6.14.,Съемный протез на имплантах (балочной системе крепления. дополнительно оплачиваются элементы балочной системы),800.00
6.15.1.,Балка из титана фрезерованная (за 1 опору),300.00
6.15.2.,Балка из кхс (за 1 опору) методом литья,248.00
6.15.3.,Балка из Peek на титановом основании (за 1 опору. без учета стоимости титанового основания),134.34
6.16.,Условно-съемный пластиночный протез на имплантах,750.00
7.,Каппы,
7.1.,Каппа для отбеливания,80.00
7.2.,Каппа при бруксизме мягкая,70.00
7.3.,Каппа при бруксизме двухслойная,90.00
8.,Культевые вкладки,65.00
8.1.,Культевая вкладка,90.00
8.2.,Культевая вкладка разборная,170.00
8.3.,Культевая вкладка из диоксида циркония,
11.,Дополнительные работы:,
11.1.,Индивидуальная ложка,48.00
11.2.,Трансфер чек от 4 и более имплантов,76.80
11.3.,Предварительная расстановка зубов,96.00
11.4.,Изготовление шахты для крепления протеза на балку,19.00
11.5.,Wax-up за единицу,48.00
11.6.,Обработка балки (параллелометрия. полирвка) 2 опоры,200.00
11.7.,Керамическая искуственная десна за единицу,35.00
11.8.,Дополнительная индивидуализация коронки,45.00
11.9.,Вклейка иных элементов за ед.,27.01
12.,Ремонтные работы:
12.1.,Перебазировка протеза,50.00
12.2.,Приварка кламера металлического,40.00
12.3.,Приварка кламера ацеталового,64.00
12.4.,Приварка кламера нейлонового,70.00
12.5.,Перелом базиса протеза,62.00
12.6.,Приварка зуба,45.00
13.,Изготовление моделей зуботехнических
13.1.,Изготовление модели комбинированной разъемной с использованием системы с пластиковым цоколем Giroform,45.00
13.2.,Отливка диагностической модели (контрольной),12.00
14.,Отливка деталей из хромокобальтового сплава. ацеталовых пластмасс и нейлона,
14.1.,Каркас съемного протеза на огнеупорной модели,66.73
14.2.,Каркас съемного протеза. отмоделированный на гипсовой модели,56.34
14.3.,Опорно-удерживающий кламмер. седло (сетка),15.54
14.4.,для крепления пластмассы. дуга бюгельная. армирование,7.39
14.5.,Ответвление. опорная лапка. звено многозвеньевого кламмера,12.00
14.6.,Металлокерамические. вкладки. искусственные зубы (за одну единицу литья),11.00
14.7., Цельнолитые протезы. вкладки. искусственные зубы (за одну единицу литья),56.34
14.8.,Армирование,55.88
14.9.,рабочая огнеупорная модель для литьевого прессования,22.61
14.10.,загипсовка рабочей огнеупорной модели для литьевого прессования,84.85
14.11.,индивидуальная ложка (жесткая),58.73
14.12.,базис съемного пластинчатого протеза,53.65
14.13.,каркас бюгельного протеза,37.26
14.15.,пластмассовая коронка. зуб из расчета на одну единицу,28.96
14.16.,пластмассовый кламмер из расчета на одну единицу,60.16


